fecha,edad,GLimp,GAtencion,GAloj,GGastro,GEntre,GEspArt,GEspDepor
30/07/2025 22:16:05,18 a 29,Muy Buena,Muy Buena,Muy Buena,Excelente,Buena,Malo,Excelente
05/07/2025 03:53:27,65 o más,Muy Buena,Muy Buena,Muy Buena,Muy Buena,Excelente,Muy Buena,Buena
08/09/2025 20:54:51,50 a 64,Muy Buena,Muy Buena,Muy Buena,Excelente,Buena,Muy Buena,Muy Buena
21/10/2025 16:38:41,50 a 64,Muy Buena,Muy Buena,Muy Buena,Excelente,Excelente,Muy Buena,Excelente
28/09/2025 14:08:05,65 o más,Muy Buena,Buena,Muy Buena,Buena,Buena,Muy Buena,Muy Buena
05/11/2025 23:28:35,50 a 64,Excelente,Muy Buena,Buena,Muy Buena,Excelente,Excelente,Muy Buena
26/10/2025 19:02:14,50 a 64,Buena,Muy Buena,Buena,Excelente,Excelente,Buena,Excelente
09/10/2025 09:40:08,50 a 64,Muy Buena,Muy Buena,Excelente,Excelente,Muy Buena,Excelente,Excelente
12/07/2025 02:09:41,50 a 64,Excelente,Muy Buena,Excelente,Excelente,Excelente,Muy Buena,Muy Buena
28/09/2025 02:46:22,50 a 64,Excelente,Excelente,Excelente,Muy Buena,Muy Buena,Excelente,Excelente
07/11/2025 01:40:35,30 a 49,Muy Buena,Excelente,Muy Buena,Excelente,Excelente,Muy Buena,Buena
11/08/2025 17:04:14,30 a 49,Buena,Buena,Muy Buena,Muy Buena,Excelente,Muy Buena,Excelente
16/08/2025 00:00:59,18 a 29,Excelente,Excelente,Muy Buena,Muy Buena,Regular,Muy Buena,Buena
02/06/2025 16:09:39,50 a 64,Buena,Muy Buena,Muy Buena,Muy Buena,Excelente,Muy Buena,Regular
06/07/2025 13:24:34,50 a 64,Muy Buena,Muy Buena,Muy Buena,Excelente,Muy Buena,Buena,Muy Buena
17/06/2025 07:42:31,50 a 64,Excelente,Excelente,Buena,Muy Buena,Buena,Muy Buena,Buena
20/07/2025 17:21:27,30 a 49,Muy Buena,Muy Buena,Excelente,Muy Buena,Muy Buena,Muy Buena,Excelente
18/07/2025 04:09:46,50 a 64,Muy Buena,Excelente,Muy Buena,Excelente,Muy Buena,Excelente,Muy Buena
10/07/2025 10:50:11,30 a 49,Excelente,Muy Buena,Excelente,Muy Buena,Regular,Excelente,Excelente
19/10/2025 17:19:39,30 a 49,Muy Buena,Muy Buena,Muy Buena,Muy Buena,Excelente,Regular,Buena
10/10/2025 06:03:43,30 a 49,Excelente,Muy Buena,Muy Buena,Muy Buena,Malo,Muy Buena,Muy Buena
04/06/2025 15:49:23,30 a 49,Muy Buena,Muy Buena,Muy Buena,Muy Buena,Excelente,Buena,Regular
21/10/2025 08:39:07,50 a 64,Excelente,Muy Buena,Excelente,Excelente,Excelente,Muy Buena,Regular
26/07/2025 19:03:35,30 a 49,Excelente,Muy Buena,Muy Buena,Muy Buena,Muy Buena,Excelente,Excelente
21/06/2025 07:04:29,50 a 64,Buena,Excelente,Excelente,Buena,Excelente,Muy Buena,Buena
17/08/2025 10:07:19,18 a 29,Muy Buena,Muy Buena,Muy Buena,Muy Buena,Excelente,Excelente,Muy Buena
05/09/2025 07:15:44,30 a 49,Excelente,Excelente,Buena,Excelente,Muy Buena,Excelente,Excelente
13/09/2025 11:52:01,65 o más,Excelente,Excelente,Muy Buena,Muy Buena,Muy Buena,Muy Buena,Regular
26/10/2025 05:37:30,30 a 49,Muy Buena,Muy Buena,Buena,Excelente,Muy Buena,Excelente,Excelente
15/08/2025 22:27:39,50 a 64,Excelente,Buena,Buena,Excelente,Regular,Muy Buena,Muy Buena
11/09/2025 18:13:40,65 o más,Excelente,Muy Buena,Excelente,Excelente,Excelente,Excelente,Muy Buena
05/06/2025 21:24:38,30 a 49,Buena,Buena,Excelente,Excelente,Excelente,Muy Buena,Muy Buena
07/09/2025 09:51:35,50 a 64,Muy Buena,Excelente,Buena,Excelente,Muy Buena,Buena,Muy Buena
04/10/2025 14:06:20,50 a 64,Muy Buena,Muy Buena,Muy Buena,Excelente,Muy Buena,Buena,Muy Buena
09/10/2025 00:32:53,30 a 49,Muy Buena,Muy Buena,Buena,Muy Buena,Excelente,Excelente,Excelente
18/06/2025 12:55:12,30 a 49,Muy Buena,Muy Buena,Muy Buena,Muy Buena,Buena,Muy Buena,Muy Buena
04/11/2025 10:06:40,50 a 64,Excelente,Muy Buena,Buena,Muy Buena,Muy Buena,Malo,Muy Buena
01/11/2025 22:20:10,50 a 64,Excelente,Excelente,Muy Buena,Muy Buena,Excelente,Muy Buena,Buena
15/07/2025 11:42:49,30 a 49,Excelente,Muy Buena,Excelente,Muy Buena,Excelente,Malo,Regular
12/09/2025 18:02:28,65 o más,Muy Buena,Buena,Muy Buena,Muy Buena,Excelente,Muy Buena,Excelente
07/11/2025 08:49:46,30 a 49,Muy Buena,Excelente,Excelente,Excelente,Regular,Muy Buena,Buena
04/07/2025 18:07:39,30 a 49,Excelente,Muy Buena,Muy Buena,Muy Buena,Malo,Excelente,Buena
23/06/2025 07:13:30,30 a 49,Buena,Muy Buena,Excelente,Muy Buena,Muy Buena,Muy Buena,Regular
27/10/2025 03:07:45,18 a 29,Excelente,Excelente,Muy Buena,Muy Buena,Buena,Regular,Muy Buena
07/09/2025 12:32:20,50 a 64,Muy Buena,Excelente,Buena,Muy Buena,Excelente,Buena,Muy Buena
04/10/2025 08:22:21,50 a 64,Muy Buena,Buena,Muy Buena,Muy Buena,Excelente,Muy Buena,Muy Buena
05/08/2025 09:45:10,18 a 29,Muy Buena,Muy Buena,Excelente,Muy Buena,Excelente,Excelente,Excelente
13/06/2025 15:25:36,18 a 29,Muy Buena,Muy Buena,Muy Buena,Muy Buena,Muy Buena,Muy Buena,Buena
19/07/2025 14:14:11,50 a 64,Muy Buena,Buena,Muy Buena,Muy Buena,Excelente,Buena,Muy Buena
31/05/2025 20:24:34,30 a 49,Buena,Excelente,Muy Buena,Muy Buena,Muy Buena,Muy Buena,Regular
25/08/2025 05:46:00,50 a 64,Muy Buena,Muy Buena,Muy Buena,Muy Buena,Buena,Malo,Buena
21/07/2025 01:06:12,50 a 64,Buena,Muy Buena,Excelente,Excelente,Malo,Buena,Muy Buena
26/09/2025 11:28:47,50 a 64,Muy Buena,Muy Buena,Muy Buena,Excelente,Muy Buena,Malo,Regular
09/06/2025 18:00:14,50 a 64,Buena,Excelente,Buena,Muy Buena,Muy Buena,Muy Buena,Excelente
25/09/2025 18:16:19,30 a 49,Excelente,Muy Buena,Muy Buena,Excelente,Excelente,Malo,Excelente
11/07/2025 04:58:22,18 a 29,Excelente,Muy Buena,Muy Buena,Muy Buena,Buena,Muy Buena,Excelente
09/06/2025 22:54:05,50 a 64,Excelente,Muy Buena,Muy Buena,Muy Buena,Buena,Buena,Buena
30/09/2025 21:28:00,18 a 29,Buena,Muy Buena,Buena,Muy Buena,Malo,Muy Buena,Muy Buena
29/09/2025 08:05:04,18 a 29,Buena,Excelente,Buena,Excelente,Muy Buena,Muy Buena,Muy Buena
25/10/2025 22:48:16,50 a 64,Excelente,Muy Buena,Buena,Excelente,Excelente,Muy Buena,Excelente
27/10/2025 21:00:58,50 a 64,Malo,Muy Buena,Muy Buena,Excelente,Excelente,Muy Buena,Excelente
21/08/2025 03:30:05,18 a 29,Excelente,Muy Buena,Muy Buena,Excelente,Muy Buena,Muy Buena,Buena
15/09/2025 16:35:04,18 a 29,Muy Buena,Muy Buena,Muy Buena,Muy Buena,Regular,Buena,Muy Buena
24/08/2025 00:53:07,30 a 49,Muy Buena,Muy Buena,Buena,Muy Buena,Excelente,Buena,Muy Buena
21/10/2025 23:17:03,50 a 64,Excelente,Muy Buena,Muy Buena,Muy Buena,Muy Buena,Muy Buena,Excelente
22/06/2025 19:20:38,50 a 64,Muy Buena,Buena,Buena,Excelente,Muy Buena,Muy Buena,Muy Buena
15/09/2025 05:14:52,50 a 64,Muy Buena,Muy Buena,Muy Buena,Muy Buena,Buena,Muy Buena,Excelente
09/08/2025 13:04:28,30 a 49,Muy Buena,Muy Buena,Muy Buena,Muy Buena,Buena,Muy Buena,Excelente
20/10/2025 17:53:20,65 o más,Excelente,Muy Buena,Buena,Excelente,Excelente,Excelente,Excelente
02/09/2025 04:59:11,65 o más,Regular,Muy Buena,Muy Buena,Muy Buena,Buena,Excelente,Muy Buena
09/07/2025 03:36:08,30 a 49,Muy Buena,Excelente,Muy Buena,Muy Buena,Muy Buena,Excelente,Muy Buena
05/08/2025 14:09:47,50 a 64,Muy Buena,Muy Buena,Buena,Muy Buena,Buena,Excelente,Muy Buena
07/07/2025 07:48:12,50 a 64,Muy Buena,Excelente,Buena,Muy Buena,Malo,Muy Buena,Muy Buena
29/08/2025 01:30:23,30 a 49,Malo,Muy Buena,Muy Buena,Muy Buena,Excelente,Muy Buena,Muy Buena
25/08/2025 23:22:04,65 o más,Muy Buena,Buena,Muy Buena,Muy Buena,Regular,Muy Buena,Muy Buena
08/08/2025 00:32:43,30 a 49,Buena,Muy Buena,Muy Buena,Excelente,Regular,Buena,Muy Buena
06/11/2025 23:03:21,30 a 49,Excelente,Muy Buena,Muy Buena,Excelente,Muy Buena,Muy Buena,Muy Buena
31/07/2025 05:20:02,50 a 64,Muy Buena,Excelente,Muy Buena,Excelente,Buena,Regular,Muy Buena
09/10/2025 01:58:53,50 a 64,Excelente,Muy Buena,Muy Buena,Excelente,Excelente,Buena,Muy Buena
28/06/2025 08:42:12,65 o más,Muy Buena,Buena,Excelente,Muy Buena,Excelente,Excelente,Buena
18/07/2025 09:36:40,50 a 64,Muy Buena,Muy Buena,Muy Buena,Muy Buena,Excelente,Muy Buena,Muy Buena
05/11/2025 10:14:48,50 a 64,Buena,Muy Buena,Buena,Excelente,Excelente,Muy Buena,Excelente
20/09/2025 16:04:28,50 a 64,Excelente,Excelente,Buena,Muy Buena,Regular,Buena,Muy Buena
30/09/2025 11:01:17,30 a 49,Muy Buena,Excelente,Excelente,Muy Buena,Muy Buena,Malo,Buena
03/08/2025 20:59:13,50 a 64,Muy Buena,Muy Buena,Muy Buena,Muy Buena,Excelente,Muy Buena,Muy Buena
22/07/2025 04:15:20,18 a 29,Muy Buena,Muy Buena,Muy Buena,Excelente,Excelente,Muy Buena,Muy Buena
09/06/2025 09:15:22,50 a 64,Excelente,Muy Buena,Muy Buena,Muy Buena,Regular,Buena,Buena
28/09/2025 05:50:00,30 a 49,Muy Buena,Muy Buena,Buena,Muy Buena,Excelente,Muy Buena,Buena
24/09/2025 11:46:47,65 o más,Excelente,Excelente,Muy Buena,Excelente,Buena,Muy Buena,Muy Buena
03/09/2025 10:06:51,65 o más,Regular,Excelente,Muy Buena,Muy Buena,Excelente,Excelente,Excelente
21/09/2025 10:01:57,50 a 64,Malo,Muy Buena,Muy Buena,Muy Buena,Regular,Muy Buena,Excelente
03/10/2025 05:48:05,50 a 64,Excelente,Buena,Muy Buena,Excelente,Muy Buena,Regular,Muy Buena
17/06/2025 12:20:10,50 a 64,Muy Buena,Muy Buena,Muy Buena,Muy Buena,Muy Buena,Muy Buena,Excelente
13/09/2025 08:40:32,50 a 64,Muy Buena,Muy Buena,Muy Buena,Muy Buena,Excelente,Buena,Muy Buena
17/09/2025 04:21:23,50 a 64,Excelente,Muy Buena,Excelente,Muy Buena,Muy Buena,Buena,Muy Buena
28/09/2025 21:21:56,18 a 29,Muy Buena,Muy Buena,Muy Buena,Muy Buena,Muy Buena,Excelente,Excelente
25/06/2025 10:46:39,30 a 49,Muy Buena,Muy Buena,Excelente,Muy Buena,Muy Buena,Buena,Buena
18/08/2025 20:43:47,30 a 49,Muy Buena,Muy Buena,Muy Buena,Muy Buena,Excelente,Excelente,Muy Buena
07/07/2025 14:05:08,65 o más,Muy Buena,Excelente,Buena,Muy Buena,Muy Buena,Buena,Muy Buena
19/06/2025 09:36:33,50 a 64,Muy Buena,Excelente,Muy Buena,Muy Buena,Excelente,Excelente,Muy Buena
29/07/2025 11:21:33,50 a 64,Excelente,Buena,Excelente,Muy Buena,Muy Buena,Buena,Muy Buena
03/09/2025 08:39:27,50 a 64,Buena,Muy Buena,Buena,Muy Buena,Excelente,Excelente,Excelente
08/10/2025 01:41:34,30 a 49,Muy Buena,Excelente,Muy Buena,Muy Buena,Excelente,Muy Buena,Muy Buena
20/10/2025 12:02:45,30 a 49,Muy Buena,Muy Buena,Muy Buena,Muy Buena,Muy Buena,Excelente,Muy Buena
15/09/2025 04:10:39,30 a 49,Muy Buena,Muy Buena,Muy Buena,Excelente,Excelente,Buena,Buena
14/10/2025 11:33:52,30 a 49,Excelente,Muy Buena,Excelente,Muy Buena,Malo,Excelente,Buena
13/08/2025 22:53:26,30 a 49,Muy Buena,Excelente,Buena,Muy Buena,Muy Buena,Muy Buena,Excelente
24/10/2025 11:11:45,18 a 29,Muy Buena,Excelente,Buena,Excelente,Excelente,Excelente,Regular
27/08/2025 11:43:45,65 o más,Muy Buena,Excelente,Excelente,Muy Buena,Regular,Muy Buena,Buena
23/07/2025 08:18:32,30 a 49,Excelente,Muy Buena,Excelente,Excelente,Excelente,Muy Buena,Muy Buena
17/10/2025 10:53:21,50 a 64,Excelente,Muy Buena,Muy Buena,Muy Buena,Excelente,Muy Buena,Buena
21/08/2025 22:39:20,18 a 29,Excelente,Excelente,Buena,Muy Buena,Muy Buena,Regular,Muy Buena
30/10/2025 20:21:07,65 o más,Excelente,Muy Buena,Buena,Muy Buena,Muy Buena,Muy Buena,Muy Buena
09/06/2025 18:28:33,18 a 29,Buena,Muy Buena,Muy Buena,Excelente,Excelente,Buena,Muy Buena
02/09/2025 12:50:45,50 a 64,Buena,Muy Buena,Muy Buena,Muy Buena,Muy Buena,Buena,Excelente
02/10/2025 16:39:11,50 a 64,Muy Buena,Muy Buena,Excelente,Muy Buena,Malo,Malo,Buena
05/07/2025 17:05:24,65 o más,Muy Buena,Muy Buena,Muy Buena,Excelente,Excelente,Muy Buena,Regular
27/08/2025 02:53:12,30 a 49,Muy Buena,Muy Buena,Muy Buena,Muy Buena,Excelente,Excelente,Regular
28/06/2025 07:45:57,30 a 49,Muy Buena,Muy Buena,Muy Buena,Excelente,Buena,Muy Buena,Muy Buena
09/09/2025 03:09:48,50 a 64,Muy Buena,Muy Buena,Muy Buena,Excelente,Excelente,Muy Buena,Muy Buena
19/08/2025 07:02:27,30 a 49,Regular,Muy Buena,Muy Buena,Muy Buena,Regular,Regular,Muy Buena
03/06/2025 21:35:41,18 a 29,Excelente,Muy Buena,Muy Buena,Muy Buena,Excelente,Excelente,Muy Buena
31/08/2025 12:05:56,50 a 64,Muy Buena,Excelente,Buena,Muy Buena,Muy Buena,Excelente,Muy Buena
28/06/2025 18:57:49,30 a 49,Muy Buena,Muy Buena,Muy Buena,Muy Buena,Excelente,Excelente,Buena
12/09/2025 08:43:47,30 a 49,Muy Buena,Muy Buena,Muy Buena,Muy Buena,Excelente,Regular,Muy Buena
05/08/2025 03:47:15,50 a 64,Muy Buena,Excelente,Muy Buena,Muy Buena,Muy Buena,Muy Buena,Buena
03/06/2025 10:13:20,18 a 29,Buena,Excelente,Muy Buena,Muy Buena,Excelente,Muy Buena,Muy Buena
18/08/2025 04:30:58,30 a 49,Malo,Muy Buena,Muy Buena,Excelente,Regular,Buena,Muy Buena
07/08/2025 17:20:12,18 a 29,Excelente,Muy Buena,Muy Buena,Muy Buena,Excelente,Excelente,Excelente
12/07/2025 13:17:43,65 o más,Malo,Muy Buena,Muy Buena,Muy Buena,Muy Buena,Buena,Muy Buena
05/07/2025 02:05:19,50 a 64,Muy Buena,Muy Buena,Muy Buena,Muy Buena,Muy Buena,Excelente,Muy Buena
31/08/2025 09:09:29,30 a 49,Buena,Muy Buena,Muy Buena,Excelente,Buena,Muy Buena,Muy Buena
25/10/2025 09:46:35,65 o más,Excelente,Muy Buena,Buena,Muy Buena,Buena,Muy Buena,Excelente
14/06/2025 17:56:03,30 a 49,Excelente,Muy Buena,Muy Buena,Muy Buena,Regular,Buena,Buena
05/10/2025 18:56:55,50 a 64,Muy Buena,Muy Buena,Muy Buena,Muy Buena,Excelente,Muy Buena,Excelente
02/08/2025 12:53:27,30 a 49,Excelente,Excelente,Muy Buena,Muy Buena,Muy Buena,Muy Buena,Excelente
19/06/2025 01:50:17,65 o más,Muy Buena,Muy Buena,Muy Buena,Muy Buena,Buena,Muy Buena,Buena
15/07/2025 18:47:47,65 o más,Muy Buena,Muy Buena,Excelente,Muy Buena,Regular,Buena,Muy Buena
05/07/2025 21:04:02,50 a 64,Regular,Excelente,Muy Buena,Muy Buena,Excelente,Muy Buena,Excelente
14/07/2025 00:13:19,50 a 64,Muy Buena,Muy Buena,Muy Buena,Excelente,Muy Buena,Muy Buena,Muy Buena
29/10/2025 19:54:42,30 a 49,Excelente,Muy Buena,Muy Buena,Excelente,Excelente,Excelente,Buena
13/08/2025 10:06:05,18 a 29,Muy Buena,Muy Buena,Buena,Excelente,Muy Buena,Muy Buena,Muy Buena
22/06/2025 11:11:49,65 o más,Buena,Buena,Muy Buena,Muy Buena,Muy Buena,Excelente,Muy Buena
15/09/2025 04:38:18,18 a 29,Muy Buena,Muy Buena,Muy Buena,Muy Buena,Muy Buena,Muy Buena,Muy Buena
10/09/2025 05:51:23,30 a 49,Muy Buena,Muy Buena,Muy Buena,Excelente,Buena,Muy Buena,Muy Buena
02/11/2025 22:00:00,50 a 64,Excelente,Muy Buena,Muy Buena,Muy Buena,Muy Buena,Excelente,Muy Buena
23/06/2025 14:46:25,18 a 29,Muy Buena,Muy Buena,Muy Buena,Excelente,Excelente,Buena,Muy Buena
21/06/2025 03:43:36,30 a 49,Muy Buena,Muy Buena,Buena,Muy Buena,Buena,Buena,Buena
01/11/2025 15:39:05,65 o más,Muy Buena,Excelente,Muy Buena,Muy Buena,Excelente,Buena,Buena
22/08/2025 18:09:24,30 a 49,Buena,Muy Buena,Buena,Buena,Muy Buena,Buena,Muy Buena
26/09/2025 14:06:04,30 a 49,Excelente,Muy Buena,Buena,Muy Buena,Buena,Malo,Muy Buena
23/09/2025 12:38:22,30 a 49,Excelente,Excelente,Excelente,Muy Buena,Excelente,Muy Buena,Buena
21/09/2025 10:52:29,30 a 49,Muy Buena,Muy Buena,Muy Buena,Excelente,Malo,Buena,Muy Buena
20/09/2025 16:59:43,30 a 49,Malo,Muy Buena,Buena,Muy Buena,Muy Buena,Muy Buena,Buena
17/08/2025 12:47:27,30 a 49,Excelente,Muy Buena,Muy Buena,Muy Buena,Excelente,Muy Buena,Muy Buena
20/06/2025 12:30:50,30 a 49,Muy Buena,Excelente,Excelente,Excelente,Excelente,Muy Buena,Muy Buena
06/06/2025 12:37:18,50 a 64,Excelente,Buena,Excelente,Muy Buena,Buena,Excelente,Muy Buena
21/09/2025 00:34:00,30 a 49,Excelente,Excelente,Excelente,Excelente,Muy Buena,Excelente,Muy Buena
26/07/2025 23:07:30,50 a 64,Muy Buena,Muy Buena,Muy Buena,Excelente,Buena,Muy Buena,Muy Buena
31/10/2025 20:09:24,30 a 49,Muy Buena,Excelente,Muy Buena,Excelente,Buena,Regular,Excelente
20/10/2025 06:59:13,50 a 64,Muy Buena,Buena,Muy Buena,Muy Buena,Regular,Buena,Regular
19/10/2025 19:38:45,50 a 64,Muy Buena,Muy Buena,Excelente,Muy Buena,Muy Buena,Excelente,Excelente
14/06/2025 13:19:33,50 a 64,Excelente,Excelente,Muy Buena,Muy Buena,Buena,Muy Buena,Muy Buena
07/11/2025 14:54:45,50 a 64,Excelente,Muy Buena,Excelente,Muy Buena,Muy Buena,Buena,Muy Buena
21/07/2025 12:26:14,50 a 64,Muy Buena,Muy Buena,Buena,Muy Buena,Muy Buena,Muy Buena,Muy Buena
07/06/2025 06:10:23,50 a 64,Muy Buena,Excelente,Muy Buena,Muy Buena,Excelente,Muy Buena,Muy Buena
04/11/2025 13:20:19,50 a 64,Buena,Muy Buena,Muy Buena,Excelente,Regular,Muy Buena,Muy Buena
19/09/2025 16:10:46,30 a 49,Muy Buena,Muy Buena,Muy Buena,Muy Buena,Buena,Muy Buena,Excelente
24/10/2025 06:28:59,50 a 64,Muy Buena,Excelente,Muy Buena,Excelente,Excelente,Excelente,Excelente
05/09/2025 17:36:39,65 o más,Buena,Excelente,Muy Buena,Excelente,Excelente,Muy Buena,Muy Buena
28/10/2025 08:11:05,65 o más,Malo,Muy Buena,Muy Buena,Excelente,Buena,Excelente,Muy Buena
06/10/2025 18:03:47,30 a 49,Muy Buena,Muy Buena,Buena,Excelente,Buena,Muy Buena,Muy Buena
30/06/2025 03:38:44,65 o más,Excelente,Muy Buena,Excelente,Buena,Excelente,Excelente,Muy Buena
21/06/2025 23:47:37,50 a 64,Malo,Muy Buena,Muy Buena,Muy Buena,Excelente,Regular,Excelente
22/07/2025 19:23:26,30 a 49,Buena,Muy Buena,Excelente,Excelente,Muy Buena,Malo,Muy Buena
28/06/2025 11:29:14,50 a 64,Malo,Muy Buena,Buena,Muy Buena,Regular,Excelente,Excelente
04/09/2025 08:32:39,30 a 49,Excelente,Muy Buena,Excelente,Excelente,Muy Buena,Malo,Muy Buena
19/10/2025 06:42:47,65 o más,Muy Buena,Buena,Muy Buena,Muy Buena,Muy Buena,Excelente,Muy Buena
02/06/2025 04:56:55,30 a 49,Muy Buena,Muy Buena,Muy Buena,Muy Buena,Muy Buena,Excelente,Excelente
03/11/2025 21:09:13,50 a 64,Buena,Muy Buena,Excelente,Muy Buena,Excelente,Muy Buena,Excelente
11/07/2025 13:51:04,30 a 49,Excelente,Excelente,Muy Buena,Excelente,Excelente,Muy Buena,Muy Buena
06/08/2025 21:43:22,30 a 49,Malo,Muy Buena,Buena,Muy Buena,Muy Buena,Regular,Muy Buena
08/07/2025 22:28:05,18 a 29,Muy Buena,Muy Buena,Excelente,Muy Buena,Excelente,Muy Buena,Muy Buena
27/08/2025 18:46:19,50 a 64,Muy Buena,Excelente,Muy Buena,Buena,Muy Buena,Muy Buena,Muy Buena
02/08/2025 23:05:46,30 a 49,Excelente,Muy Buena,Muy Buena,Muy Buena,Muy Buena,Muy Buena,Muy Buena
30/08/2025 18:35:22,50 a 64,Excelente,Muy Buena,Buena,Muy Buena,Muy Buena,Excelente,Buena
07/07/2025 02:09:30,30 a 49,Excelente,Muy Buena,Muy Buena,Buena,Excelente,Muy Buena,Buena
17/10/2025 04:58:46,50 a 64,Muy Buena,Muy Buena,Muy Buena,Muy Buena,Buena,Malo,Muy Buena
11/08/2025 04:21:47,30 a 49,Buena,Excelente,Muy Buena,Muy Buena,Buena,Regular,Muy Buena
26/06/2025 06:05:43,30 a 49,Buena,Muy Buena,Muy Buena,Excelente,Buena,Buena,Muy Buena
16/08/2025 06:41:18,50 a 64,Buena,Excelente,Muy Buena,Muy Buena,Muy Buena,Buena,Muy Buena
29/10/2025 07:13:48,30 a 49,Excelente,Muy Buena,Buena,Muy Buena,Excelente,Excelente,Muy Buena
10/07/2025 14:29:07,50 a 64,Excelente,Muy Buena,Buena,Muy Buena,Buena,Excelente,Buena
07/07/2025 13:22:04,18 a 29,Buena,Muy Buena,Muy Buena,Excelente,Buena,Buena,Muy Buena
18/09/2025 00:28:48,50 a 64,Muy Buena,Excelente,Muy Buena,Excelente,Buena,Excelente,Excelente
23/06/2025 23:26:38,50 a 64,Excelente,Muy Buena,Buena,Muy Buena,Buena,Excelente,Excelente
02/06/2025 18:58:13,30 a 49,Excelente,Muy Buena,Buena,Excelente,Muy Buena,Muy Buena,Excelente
17/10/2025 13:53:11,30 a 49,Excelente,Muy Buena,Excelente,Excelente,Muy Buena,Excelente,Muy Buena
18/09/2025 03:04:40,50 a 64,Muy Buena,Muy Buena,Muy Buena,Muy Buena,Muy Buena,Excelente,Buena
05/06/2025 16:54:06,18 a 29,Buena,Excelente,Buena,Excelente,Excelente,Malo,Excelente
17/10/2025 03:23:07,30 a 49,Buena,Muy Buena,Buena,Excelente,Excelente,Muy Buena,Excelente
27/06/2025 18:54:48,30 a 49,Buena,Excelente,Excelente,Muy Buena,Excelente,Excelente,Excelente
17/09/2025 14:04:21,65 o más,Excelente,Muy Buena,Muy Buena,Muy Buena,Buena,Muy Buena,Buena
13/10/2025 04:39:19,50 a 64,Malo,Buena,Muy Buena,Muy Buena,Buena,Excelente,Muy Buena
09/10/2025 16:39:41,30 a 49,Muy Buena,Excelente,Muy Buena,Muy Buena,Buena,Muy Buena,Regular
10/06/2025 04:57:48,30 a 49,Muy Buena,Muy Buena,Muy Buena,Muy Buena,Excelente,Regular,Excelente
07/11/2025 15:01:07,30 a 49,Muy Buena,Muy Buena,Muy Buena,Excelente,Muy Buena,Excelente,Muy Buena
06/11/2025 12:53:41,50 a 64,Buena,Muy Buena,Buena,Muy Buena,Muy Buena,Excelente,Muy Buena
13/08/2025 07:49:26,50 a 64,Excelente,Buena,Excelente,Excelente,Muy Buena,Muy Buena,Excelente
14/10/2025 08:17:22,65 o más,Excelente,Muy Buena,Excelente,Excelente,Excelente,Muy Buena,Muy Buena
13/09/2025 16:07:59,65 o más,Muy Buena,Excelente,Excelente,Muy Buena,Muy Buena,Muy Buena,Muy Buena
02/08/2025 12:30:35,30 a 49,Buena,Buena,Muy Buena,Excelente,Regular,Excelente,Muy Buena
13/10/2025 23:57:37,50 a 64,Muy Buena,Muy Buena,Muy Buena,Muy Buena,Excelente,Regular,Excelente
02/06/2025 15:39:04,50 a 64,Muy Buena,Muy Buena,Muy Buena,Muy Buena,Excelente,Regular,Buena
02/06/2025 02:20:34,65 o más,Regular,Muy Buena,Muy Buena,Excelente,Muy Buena,Regular,Buena
18/09/2025 18:11:24,30 a 49,Excelente,Muy Buena,Muy Buena,Muy Buena,Muy Buena,Muy Buena,Muy Buena
16/10/2025 16:35:10,30 a 49,Muy Buena,Excelente,Muy Buena,Muy Buena,Buena,Muy Buena,Muy Buena
06/06/2025 03:08:17,50 a 64,Excelente,Muy Buena,Excelente,Excelente,Buena,Buena,Regular
07/10/2025 02:52:54,50 a 64,Buena,Muy Buena,Excelente,Muy Buena,Excelente,Excelente,Excelente
24/10/2025 12:06:52,30 a 49,Excelente,Excelente,Muy Buena,Muy Buena,Muy Buena,Regular,Buena
21/09/2025 13:57:19,50 a 64,Excelente,Buena,Muy Buena,Muy Buena,Excelente,Muy Buena,Regular
14/10/2025 08:14:28,50 a 64,Excelente,Excelente,Buena,Excelente,Excelente,Regular,Buena
06/06/2025 21:16:08,30 a 49,Regular,Excelente,Muy Buena,Muy Buena,Muy Buena,Muy Buena,Regular
20/08/2025 15:54:05,30 a 49,Muy Buena,Buena,Muy Buena,Excelente,Muy Buena,Muy Buena,Buena
31/08/2025 13:32:01,50 a 64,Muy Buena,Muy Buena,Muy Buena,Excelente,Muy Buena,Excelente,Excelente
11/07/2025 13:37:03,50 a 64,Buena,Muy Buena,Excelente,Muy Buena,Muy Buena,Excelente,Excelente
01/06/2025 10:37:39,65 o más,Buena,Buena,Excelente,Muy Buena,Muy Buena,Buena,Regular
31/08/2025 11:32:19,30 a 49,Muy Buena,Excelente,Muy Buena,Muy Buena,Excelente,Regular,Muy Buena
29/10/2025 12:39:06,18 a 29,Muy Buena,Excelente,Muy Buena,Muy Buena,Muy Buena,Muy Buena,Muy Buena
11/06/2025 02:05:54,65 o más,Muy Buena,Muy Buena,Buena,Muy Buena,Excelente,Muy Buena,Excelente
12/06/2025 18:07:53,30 a 49,Muy Buena,Muy Buena,Muy Buena,Muy Buena,Excelente,Muy Buena,Excelente
14/10/2025 16:35:57,30 a 49,Excelente,Muy Buena,Muy Buena,Muy Buena,Excelente,Muy Buena,Muy Buena
11/07/2025 17:56:16,50 a 64,Buena,Excelente,Muy Buena,Excelente,Muy Buena,Muy Buena,Muy Buena
17/08/2025 04:57:19,50 a 64,Muy Buena,Muy Buena,Excelente,Muy Buena,Muy Buena,Excelente,Regular
16/10/2025 20:14:20,30 a 49,Excelente,Muy Buena,Muy Buena,Muy Buena,Excelente,Muy Buena,Excelente
06/06/2025 13:29:29,18 a 29,Regular,Muy Buena,Muy Buena,Muy Buena,Excelente,Excelente,Excelente
04/09/2025 17:44:04,30 a 49,Excelente,Buena,Muy Buena,Muy Buena,Muy Buena,Buena,Excelente
03/07/2025 12:02:19,30 a 49,Excelente,Muy Buena,Buena,Muy Buena,Excelente,Malo,Regular
22/06/2025 19:50:46,18 a 29,Muy Buena,Muy Buena,Excelente,Muy Buena,Excelente,Buena,Excelente
21/10/2025 06:52:49,50 a 64,Excelente,Muy Buena,Muy Buena,Muy Buena,Buena,Excelente,Muy Buena
20/09/2025 12:38:07,30 a 49,Excelente,Muy Buena,Muy Buena,Excelente,Excelente,Muy Buena,Muy Buena
22/06/2025 18:28:00,18 a 29,Excelente,Muy Buena,Excelente,Muy Buena,Muy Buena,Muy Buena,Buena
06/10/2025 00:08:15,30 a 49,Excelente,Muy Buena,Muy Buena,Muy Buena,Buena,Muy Buena,Muy Buena
24/07/2025 00:39:18,18 a 29,Muy Buena,Muy Buena,Muy Buena,Muy Buena,Muy Buena,Muy Buena,Regular
06/11/2025 03:27:31,50 a 64,Muy Buena,Muy Buena,Buena,Excelente,Excelente,Excelente,Regular
27/09/2025 12:37:18,30 a 49,Excelente,Buena,Excelente,Excelente,Muy Buena,Excelente,Excelente
30/09/2025 02:13:14,30 a 49,Buena,Muy Buena,Excelente,Muy Buena,Excelente,Muy Buena,Muy Buena
13/06/2025 06:35:00,65 o más,Excelente,Muy Buena,Muy Buena,Muy Buena,Muy Buena,Muy Buena,Regular
06/10/2025 22:02:04,50 a 64,Excelente,Muy Buena,Excelente,Muy Buena,Muy Buena,Excelente,Muy Buena
27/08/2025 07:10:53,50 a 64,Buena,Excelente,Muy Buena,Muy Buena,Excelente,Muy Buena,Buena
13/10/2025 23:25:14,50 a 64,Muy Buena,Muy Buena,Muy Buena,Muy Buena,Excelente,Buena,Excelente
22/10/2025 23:39:32,65 o más,Excelente,Muy Buena,Buena,Muy Buena,Regular,Muy Buena,Muy Buena
09/06/2025 06:26:25,50 a 64,Muy Buena,Excelente,Muy Buena,Muy Buena,Muy Buena,Regular,Buena
21/07/2025 18:20:35,30 a 49,Excelente,Excelente,Muy Buena,Muy Buena,Malo,Muy Buena,Muy Buena
12/09/2025 17:14:39,18 a 29,Muy Buena,Muy Buena,Muy Buena,Excelente,Muy Buena,Buena,Muy Buena
20/07/2025 05:36:44,30 a 49,Buena,Buena,Muy Buena,Muy Buena,Excelente,Muy Buena,Regular
29/08/2025 04:43:57,30 a 49,Muy Buena,Muy Buena,Muy Buena,Muy Buena,Buena,Muy Buena,Muy Buena
15/09/2025 05:37:11,50 a 64,Excelente,Muy Buena,Buena,Muy Buena,Buena,Muy Buena,Excelente
18/06/2025 16:32:10,50 a 64,Muy Buena,Buena,Muy Buena,Muy Buena,Regular,Muy Buena,Muy Buena
11/06/2025 12:03:26,50 a 64,Muy Buena,Muy Buena,Muy Buena,Muy Buena,Excelente,Excelente,Muy Buena
16/10/2025 15:36:57,30 a 49,Excelente,Muy Buena,Muy Buena,Excelente,Buena,Buena,Muy Buena
06/09/2025 06:36:32,50 a 64,Muy Buena,Excelente,Excelente,Excelente,Regular,Excelente,Excelente
26/06/2025 11:00:20,50 a 64,Buena,Excelente,Muy Buena,Muy Buena,Buena,Muy Buena,Muy Buena
26/09/2025 04:35:01,18 a 29,Excelente,Excelente,Buena,Muy Buena,Excelente,Buena,Buena
01/09/2025 09:32:29,50 a 64,Excelente,Muy Buena,Muy Buena,Muy Buena,Buena,Buena,Muy Buena
29/07/2025 04:21:08,65 o más,Muy Buena,Excelente,Muy Buena,Buena,Malo,Excelente,Buena
10/06/2025 11:53:34,30 a 49,Excelente,Excelente,Muy Buena,Muy Buena,Excelente,Muy Buena,Muy Buena
12/06/2025 21:54:05,50 a 64,Excelente,Muy Buena,Excelente,Muy Buena,Muy Buena,Muy Buena,Muy Buena
05/10/2025 09:58:00,50 a 64,Excelente,Muy Buena,Buena,Excelente,Excelente,Excelente,Buena
03/10/2025 02:53:24,18 a 29,Excelente,Excelente,Muy Buena,Muy Buena,Muy Buena,Muy Buena,Buena
09/07/2025 15:41:33,50 a 64,Excelente,Excelente,Excelente,Muy Buena,Muy Buena,Excelente,Buena
02/08/2025 23:51:50,65 o más,Muy Buena,Excelente,Excelente,Muy Buena,Buena,Buena,Excelente
06/06/2025 06:35:28,30 a 49,Muy Buena,Muy Buena,Muy Buena,Excelente,Excelente,Muy Buena,Muy Buena
11/06/2025 06:08:37,30 a 49,Muy Buena,Muy Buena,Muy Buena,Muy Buena,Malo,Excelente,Muy Buena
26/06/2025 16:20:47,18 a 29,Buena,Muy Buena,Muy Buena,Muy Buena,Buena,Excelente,Muy Buena
16/07/2025 14:00:01,50 a 64,Muy Buena,Muy Buena,Muy Buena,Muy Buena,Buena,Excelente,Regular
12/09/2025 13:00:25,30 a 49,Muy Buena,Muy Buena,Muy Buena,Excelente,Excelente,Excelente,Muy Buena
14/07/2025 03:25:39,30 a 49,Muy Buena,Muy Buena,Muy Buena,Muy Buena,Excelente,Buena,Buena
21/08/2025 18:18:53,50 a 64,Muy Buena,Muy Buena,Buena,Muy Buena,Excelente,Muy Buena,Muy Buena
09/10/2025 21:39:27,30 a 49,Muy Buena,Muy Buena,Muy Buena,Muy Buena,Excelente,Excelente,Buena
14/06/2025 14:20:09,30 a 49,Muy Buena,Muy Buena,Buena,Muy Buena,Muy Buena,Muy Buena,Muy Buena
19/09/2025 09:00:23,30 a 49,Muy Buena,Muy Buena,Muy Buena,Muy Buena,Muy Buena,Buena,Muy Buena
23/07/2025 06:24:00,30 a 49,Excelente,Muy Buena,Muy Buena,Excelente,Malo,Muy Buena,Muy Buena
06/08/2025 07:58:36,30 a 49,Muy Buena,Excelente,Muy Buena,Buena,Muy Buena,Buena,Muy Buena
14/08/2025 14:02:06,50 a 64,Buena,Excelente,Excelente,Excelente,Buena,Excelente,Muy Buena
08/09/2025 01:00:11,65 o más,Regular,Muy Buena,Excelente,Excelente,Muy Buena,Muy Buena,Buena
06/10/2025 02:00:02,65 o más,Excelente,Buena,Muy Buena,Muy Buena,Muy Buena,Muy Buena,Excelente
16/06/2025 06:57:48,50 a 64,Muy Buena,Excelente,Muy Buena,Excelente,Muy Buena,Muy Buena,Buena
06/06/2025 12:43:13,50 a 64,Buena,Excelente,Buena,Muy Buena,Excelente,Muy Buena,Muy Buena
07/08/2025 01:30:35,30 a 49,Muy Buena,Muy Buena,Muy Buena,Muy Buena,Buena,Muy Buena,Muy Buena
24/08/2025 08:50:47,50 a 64,Excelente,Muy Buena,Muy Buena,Muy Buena,Regular,Muy Buena,Buena
03/07/2025 19:32:36,50 a 64,Buena,Muy Buena,Excelente,Muy Buena,Excelente,Excelente,Excelente
04/06/2025 14:59:36,50 a 64,Buena,Excelente,Muy Buena,Muy Buena,Excelente,Buena,Muy Buena
10/10/2025 10:38:31,65 o más,Excelente,Excelente,Muy Buena,Muy Buena,Malo,Muy Buena,Muy Buena
07/07/2025 00:08:59,50 a 64,Muy Buena,Buena,Muy Buena,Excelente,Excelente,Buena,Muy Buena
24/08/2025 15:08:50,18 a 29,Excelente,Muy Buena,Muy Buena,Muy Buena,Excelente,Muy Buena,Muy Buena
09/10/2025 11:09:03,50 a 64,Excelente,Muy Buena,Excelente,Muy Buena,Muy Buena,Muy Buena,Regular
17/06/2025 11:52:26,50 a 64,Excelente,Muy Buena,Excelente,Muy Buena,Excelente,Excelente,Regular
17/10/2025 08:34:38,30 a 49,Excelente,Muy Buena,Muy Buena,Muy Buena,Muy Buena,Excelente,Buena
02/11/2025 12:42:05,50 a 64,Buena,Muy Buena,Muy Buena,Muy Buena,Muy Buena,Excelente,Buena
30/09/2025 09:20:28,50 a 64,Muy Buena,Muy Buena,Excelente,Muy Buena,Regular,Muy Buena,Muy Buena
06/08/2025 14:59:39,18 a 29,Muy Buena,Excelente,Buena,Muy Buena,Buena,Buena,Muy Buena
05/11/2025 19:07:05,50 a 64,Muy Buena,Excelente,Buena,Excelente,Muy Buena,Buena,Muy Buena
18/10/2025 23:14:19,30 a 49,Excelente,Muy Buena,Excelente,Muy Buena,Malo,Excelente,Buena
19/09/2025 12:07:24,30 a 49,Muy Buena,Buena,Excelente,Buena,Muy Buena,Muy Buena,Muy Buena
01/10/2025 21:04:10,50 a 64,Excelente,Muy Buena,Muy Buena,Muy Buena,Excelente,Buena,Muy Buena
02/11/2025 23:45:03,50 a 64,Buena,Muy Buena,Buena,Muy Buena,Muy Buena,Muy Buena,Muy Buena
16/09/2025 09:23:59,30 a 49,Excelente,Excelente,Muy Buena,Muy Buena,Muy Buena,Muy Buena,Muy Buena
09/08/2025 08:24:16,65 o más,Muy Buena,Muy Buena,Muy Buena,Muy Buena,Excelente,Muy Buena,Excelente
22/07/2025 22:14:16,50 a 64,Muy Buena,Muy Buena,Muy Buena,Excelente,Muy Buena,Buena,Muy Buena
11/10/2025 17:47:38,30 a 49,Buena,Muy Buena,Muy Buena,Muy Buena,Muy Buena,Muy Buena,Excelente
26/10/2025 08:02:39,30 a 49,Muy Buena,Excelente,Buena,Muy Buena,Buena,Excelente,Muy Buena
15/08/2025 05:26:58,30 a 49,Buena,Muy Buena,Muy Buena,Muy Buena,Excelente,Buena,Regular
06/10/2025 16:06:07,30 a 49,Excelente,Excelente,Muy Buena,Muy Buena,Excelente,Muy Buena,Buena
31/08/2025 15:55:19,18 a 29,Buena,Muy Buena,Muy Buena,Muy Buena,Regular,Excelente,Buena
04/11/2025 23:44:13,30 a 49,Excelente,Muy Buena,Buena,Muy Buena,Muy Buena,Buena,Muy Buena
19/10/2025 03:36:25,18 a 29,Excelente,Muy Buena,Muy Buena,Buena,Muy Buena,Excelente,Muy Buena
19/10/2025 16:16:17,30 a 49,Excelente,Muy Buena,Excelente,Muy Buena,Muy Buena,Malo,Buena
14/06/2025 14:42:02,30 a 49,Excelente,Muy Buena,Excelente,Muy Buena,Regular,Excelente,Excelente
16/09/2025 15:14:05,65 o más,Buena,Muy Buena,Muy Buena,Muy Buena,Excelente,Malo,Muy Buena
18/08/2025 01:27:43,18 a 29,Muy Buena,Muy Buena,Buena,Muy Buena,Excelente,Excelente,Excelente
28/09/2025 05:38:20,50 a 64,Excelente,Excelente,Buena,Muy Buena,Muy Buena,Excelente,Regular
04/10/2025 14:12:51,30 a 49,Excelente,Muy Buena,Muy Buena,Buena,Muy Buena,Muy Buena,Buena
02/07/2025 12:59:26,50 a 64,Malo,Muy Buena,Muy Buena,Muy Buena,Excelente,Muy Buena,Muy Buena
11/10/2025 22:22:29,65 o más,Muy Buena,Muy Buena,Muy Buena,Muy Buena,Muy Buena,Muy Buena,Regular
08/07/2025 02:34:52,30 a 49,Muy Buena,Buena,Muy Buena,Muy Buena,Excelente,Excelente,Excelente
08/10/2025 01:11:55,50 a 64,Muy Buena,Muy Buena,Muy Buena,Muy Buena,Muy Buena,Regular,Muy Buena
03/08/2025 01:57:41,30 a 49,Muy Buena,Muy Buena,Excelente,Excelente,Muy Buena,Buena,Muy Buena
20/08/2025 03:22:38,50 a 64,Muy Buena,Muy Buena,Muy Buena,Excelente,Buena,Regular,Buena
17/06/2025 01:04:04,30 a 49,Muy Buena,Muy Buena,Muy Buena,Muy Buena,Excelente,Excelente,Buena
08/06/2025 02:31:54,30 a 49,Excelente,Excelente,Buena,Excelente,Buena,Excelente,Muy Buena
10/06/2025 14:19:00,18 a 29,Muy Buena,Muy Buena,Excelente,Excelente,Buena,Excelente,Muy Buena
07/08/2025 15:13:02,50 a 64,Excelente,Muy Buena,Muy Buena,Muy Buena,Buena,Excelente,Excelente
23/06/2025 03:05:31,18 a 29,Muy Buena,Buena,Buena,Excelente,Muy Buena,Buena,Muy Buena
29/07/2025 08:29:27,30 a 49,Buena,Excelente,Muy Buena,Excelente,Excelente,Muy Buena,Buena
16/09/2025 02:17:05,50 a 64,Muy Buena,Muy Buena,Muy Buena,Muy Buena,Muy Buena,Buena,Muy Buena
08/06/2025 09:55:26,18 a 29,Muy Buena,Muy Buena,Excelente,Excelente,Excelente,Excelente,Muy Buena
23/08/2025 12:58:37,30 a 49,Excelente,Muy Buena,Muy Buena,Buena,Excelente,Buena,Excelente
27/06/2025 11:52:32,50 a 64,Buena,Muy Buena,Muy Buena,Muy Buena,Excelente,Excelente,Buena
17/06/2025 22:22:02,30 a 49,Muy Buena,Excelente,Buena,Muy Buena,Muy Buena,Regular,Regular
18/09/2025 09:32:45,50 a 64,Excelente,Excelente,Muy Buena,Muy Buena,Muy Buena,Muy Buena,Muy Buena
10/06/2025 14:54:56,18 a 29,Muy Buena,Muy Buena,Muy Buena,Muy Buena,Excelente,Regular,Excelente
25/08/2025 23:20:38,65 o más,Muy Buena,Muy Buena,Buena,Excelente,Regular,Malo,Buena
01/11/2025 01:53:36,65 o más,Excelente,Excelente,Muy Buena,Muy Buena,Excelente,Buena,Buena
10/07/2025 10:25:29,18 a 29,Muy Buena,Muy Buena,Muy Buena,Muy Buena,Muy Buena,Excelente,Buena
14/10/2025 07:32:38,30 a 49,Muy Buena,Excelente,Muy Buena,Muy Buena,Muy Buena,Regular,Excelente
27/09/2025 17:02:02,65 o más,Excelente,Muy Buena,Excelente,Excelente,Excelente,Excelente,Muy Buena
09/10/2025 17:22:43,30 a 49,Regular,Excelente,Buena,Excelente,Regular,Muy Buena,Muy Buena
11/07/2025 23:38:48,30 a 49,Muy Buena,Muy Buena,Muy Buena,Muy Buena,Excelente,Muy Buena,Excelente
20/08/2025 14:51:36,50 a 64,Excelente,Muy Buena,Excelente,Muy Buena,Muy Buena,Muy Buena,Muy Buena
28/10/2025 08:41:08,18 a 29,Muy Buena,Buena,Muy Buena,Muy Buena,Muy Buena,Regular,Muy Buena
29/08/2025 10:03:03,50 a 64,Excelente,Excelente,Excelente,Muy Buena,Excelente,Excelente,Excelente
15/08/2025 12:53:53,50 a 64,Excelente,Muy Buena,Muy Buena,Muy Buena,Excelente,Excelente,Regular
24/10/2025 03:30:41,65 o más,Muy Buena,Muy Buena,Muy Buena,Excelente,Excelente,Buena,Regular
05/06/2025 22:19:45,50 a 64,Excelente,Excelente,Muy Buena,Muy Buena,Excelente,Regular,Regular
05/07/2025 00:38:44,65 o más,Excelente,Muy Buena,Excelente,Muy Buena,Excelente,Excelente,Muy Buena
30/08/2025 09:30:21,30 a 49,Muy Buena,Muy Buena,Muy Buena,Excelente,Excelente,Buena,Excelente
19/10/2025 09:03:05,30 a 49,Excelente,Muy Buena,Muy Buena,Excelente,Muy Buena,Buena,Muy Buena
24/06/2025 22:14:11,18 a 29,Excelente,Excelente,Muy Buena,Muy Buena,Buena,Buena,Muy Buena
20/10/2025 13:06:07,50 a 64,Buena,Excelente,Excelente,Muy Buena,Excelente,Muy Buena,Muy Buena
11/08/2025 01:40:49,50 a 64,Excelente,Muy Buena,Excelente,Excelente,Excelente,Muy Buena,Regular
08/09/2025 01:52:36,50 a 64,Muy Buena,Excelente,Muy Buena,Muy Buena,Excelente,Muy Buena,Muy Buena
21/10/2025 12:13:45,18 a 29,Muy Buena,Muy Buena,Muy Buena,Muy Buena,Muy Buena,Muy Buena,Regular
02/10/2025 23:34:04,30 a 49,Muy Buena,Muy Buena,Muy Buena,Muy Buena,Regular,Muy Buena,Buena
11/06/2025 16:17:43,30 a 49,Buena,Muy Buena,Buena,Muy Buena,Buena,Excelente,Excelente
07/10/2025 13:30:21,50 a 64,Muy Buena,Muy Buena,Muy Buena,Muy Buena,Excelente,Buena,Buena
15/09/2025 11:45:02,50 a 64,Muy Buena,Excelente,Buena,Muy Buena,Excelente,Muy Buena,Excelente
29/06/2025 14:21:04,30 a 49,Excelente,Muy Buena,Buena,Muy Buena,Excelente,Muy Buena,Muy Buena
06/09/2025 23:15:31,30 a 49,Buena,Muy Buena,Muy Buena,Muy Buena,Malo,Muy Buena,Muy Buena
03/06/2025 09:06:54,50 a 64,Excelente,Muy Buena,Excelente,Muy Buena,Excelente,Excelente,Muy Buena
01/07/2025 20:01:09,50 a 64,Muy Buena,Muy Buena,Muy Buena,Buena,Excelente,Excelente,Buena
04/07/2025 14:49:55,50 a 64,Excelente,Muy Buena,Buena,Excelente,Excelente,Buena,Muy Buena
30/10/2025 22:44:04,65 o más,Muy Buena,Excelente,Excelente,Muy Buena,Buena,Muy Buena,Excelente
10/09/2025 04:17:35,65 o más,Muy Buena,Buena,Muy Buena,Muy Buena,Excelente,Excelente,Buena
24/07/2025 12:59:56,30 a 49,Excelente,Buena,Excelente,Muy Buena,Muy Buena,Muy Buena,Muy Buena
15/09/2025 14:18:21,65 o más,Buena,Muy Buena,Excelente,Muy Buena,Muy Buena,Excelente,Buena
30/05/2025 17:26:48,30 a 49,Muy Buena,Buena,Muy Buena,Muy Buena,Muy Buena,Muy Buena,Buena
22/10/2025 00:23:47,30 a 49,Buena,Muy Buena,Muy Buena,Muy Buena,Regular,Buena,Buena
27/08/2025 19:03:24,30 a 49,Buena,Muy Buena,Muy Buena,Muy Buena,Excelente,Excelente,Muy Buena
21/09/2025 18:27:17,30 a 49,Excelente,Muy Buena,Excelente,Excelente,Muy Buena,Malo,Muy Buena
26/07/2025 18:19:40,50 a 64,Muy Buena,Excelente,Muy Buena,Muy Buena,Muy Buena,Muy Buena,Excelente
10/06/2025 15:37:55,30 a 49,Excelente,Muy Buena,Muy Buena,Muy Buena,Excelente,Muy Buena,Muy Buena
18/08/2025 01:32:49,18 a 29,Excelente,Muy Buena,Muy Buena,Muy Buena,Excelente,Muy Buena,Buena
29/10/2025 01:28:59,30 a 49,Muy Buena,Muy Buena,Muy Buena,Buena,Buena,Regular,Muy Buena
29/09/2025 18:11:34,30 a 49,Malo,Muy Buena,Muy Buena,Excelente,Muy Buena,Muy Buena,Muy Buena
28/09/2025 02:12:04,65 o más,Buena,Excelente,Muy Buena,Excelente,Excelente,Malo,Excelente
13/08/2025 08:16:12,50 a 64,Buena,Muy Buena,Muy Buena,Muy Buena,Excelente,Malo,Buena
26/08/2025 01:13:54,30 a 49,Buena,Excelente,Buena,Excelente,Muy Buena,Muy Buena,Muy Buena
31/05/2025 23:39:35,65 o más,Muy Buena,Muy Buena,Buena,Excelente,Excelente,Buena,Buena
28/07/2025 03:05:20,18 a 29,Muy Buena,Muy Buena,Buena,Muy Buena,Buena,Regular,Buena
18/06/2025 12:56:11,18 a 29,Muy Buena,Muy Buena,Muy Buena,Buena,Buena,Muy Buena,Muy Buena
05/09/2025 17:57:51,65 o más,Muy Buena,Excelente,Muy Buena,Muy Buena,Malo,Muy Buena,Buena
17/10/2025 18:22:00,50 a 64,Excelente,Excelente,Muy Buena,Muy Buena,Buena,Muy Buena,Regular
06/10/2025 18:25:32,30 a 49,Excelente,Muy Buena,Muy Buena,Excelente,Regular,Muy Buena,Excelente
12/06/2025 15:47:26,30 a 49,Muy Buena,Muy Buena,Muy Buena,Excelente,Buena,Excelente,Muy Buena
11/06/2025 08:18:38,50 a 64,Excelente,Muy Buena,Muy Buena,Excelente,Muy Buena,Muy Buena,Excelente
22/06/2025 14:21:03,18 a 29,Muy Buena,Muy Buena,Muy Buena,Muy Buena,Regular,Buena,Muy Buena
07/09/2025 14:49:33,50 a 64,Excelente,Muy Buena,Excelente,Muy Buena,Muy Buena,Malo,Muy Buena
04/07/2025 10:56:29,50 a 64,Muy Buena,Muy Buena,Excelente,Muy Buena,Excelente,Malo,Regular
17/08/2025 19:06:09,50 a 64,Muy Buena,Excelente,Excelente,Excelente,Buena,Excelente,Muy Buena
24/08/2025 07:56:49,30 a 49,Muy Buena,Muy Buena,Buena,Muy Buena,Muy Buena,Buena,Muy Buena
02/11/2025 17:22:20,50 a 64,Muy Buena,Buena,Buena,Muy Buena,Buena,Buena,Excelente
10/06/2025 15:03:52,30 a 49,Excelente,Excelente,Muy Buena,Muy Buena,Excelente,Muy Buena,Muy Buena
11/09/2025 10:13:05,50 a 64,Muy Buena,Buena,Buena,Muy Buena,Regular,Buena,Muy Buena
03/11/2025 03:55:13,18 a 29,Excelente,Muy Buena,Excelente,Muy Buena,Muy Buena,Muy Buena,Excelente
23/09/2025 07:54:05,65 o más,Excelente,Muy Buena,Muy Buena,Muy Buena,Excelente,Buena,Muy Buena
15/09/2025 08:46:25,18 a 29,Excelente,Excelente,Muy Buena,Muy Buena,Muy Buena,Muy Buena,Muy Buena
11/10/2025 07:40:45,50 a 64,Regular,Muy Buena,Excelente,Excelente,Muy Buena,Regular,Excelente
30/09/2025 13:02:52,50 a 64,Muy Buena,Muy Buena,Muy Buena,Muy Buena,Muy Buena,Buena,Muy Buena
29/09/2025 10:49:39,30 a 49,Excelente,Muy Buena,Excelente,Excelente,Buena,Excelente,Muy Buena
12/08/2025 07:12:47,50 a 64,Muy Buena,Muy Buena,Muy Buena,Muy Buena,Excelente,Buena,Buena
15/10/2025 16:38:11,65 o más,Buena,Muy Buena,Muy Buena,Excelente,Malo,Muy Buena,Buena
06/09/2025 03:44:00,65 o más,Excelente,Excelente,Muy Buena,Excelente,Muy Buena,Regular,Muy Buena
04/07/2025 21:17:29,50 a 64,Excelente,Excelente,Buena,Buena,Excelente,Excelente,Muy Buena
23/10/2025 08:40:44,50 a 64,Muy Buena,Muy Buena,Muy Buena,Muy Buena,Excelente,Excelente,Muy Buena
02/06/2025 04:53:58,50 a 64,Muy Buena,Muy Buena,Muy Buena,Excelente,Muy Buena,Buena,Buena
13/07/2025 19:50:44,50 a 64,Excelente,Muy Buena,Excelente,Muy Buena,Muy Buena,Muy Buena,Buena
20/07/2025 10:04:08,30 a 49,Buena,Excelente,Excelente,Excelente,Muy Buena,Excelente,Buena
29/06/2025 14:38:10,50 a 64,Excelente,Muy Buena,Muy Buena,Muy Buena,Excelente,Regular,Muy Buena
01/06/2025 04:32:43,50 a 64,Excelente,Excelente,Buena,Muy Buena,Regular,Muy Buena,Buena
09/10/2025 06:29:40,50 a 64,Muy Buena,Muy Buena,Buena,Muy Buena,Muy Buena,Muy Buena,Buena
31/10/2025 03:50:11,50 a 64,Malo,Muy Buena,Muy Buena,Muy Buena,Buena,Muy Buena,Muy Buena
09/09/2025 17:30:53,50 a 64,Buena,Muy Buena,Excelente,Excelente,Muy Buena,Regular,Muy Buena
20/07/2025 08:33:34,30 a 49,Muy Buena,Muy Buena,Buena,Muy Buena,Malo,Buena,Muy Buena
28/06/2025 17:06:49,18 a 29,Buena,Muy Buena,Muy Buena,Excelente,Excelente,Regular,Muy Buena
06/11/2025 21:32:55,50 a 64,Excelente,Muy Buena,Muy Buena,Excelente,Muy Buena,Muy Buena,Muy Buena
11/08/2025 10:04:22,30 a 49,Buena,Muy Buena,Muy Buena,Muy Buena,Buena,Excelente,Muy Buena
15/10/2025 05:46:09,18 a 29,Excelente,Excelente,Muy Buena,Muy Buena,Muy Buena,Regular,Buena
06/11/2025 03:35:34,50 a 64,Muy Buena,Muy Buena,Buena,Muy Buena,Muy Buena,Excelente,Muy Buena
07/06/2025 03:12:45,50 a 64,Buena,Excelente,Excelente,Excelente,Malo,Regular,Excelente
14/08/2025 04:00:07,30 a 49,Excelente,Excelente,Excelente,Excelente,Muy Buena,Muy Buena,Muy Buena
22/09/2025 11:22:28,50 a 64,Buena,Buena,Muy Buena,Muy Buena,Excelente,Regular,Muy Buena
01/06/2025 06:54:07,30 a 49,Excelente,Muy Buena,Muy Buena,Muy Buena,Buena,Muy Buena,Buena
29/10/2025 12:55:46,65 o más,Muy Buena,Muy Buena,Muy Buena,Muy Buena,Buena,Regular,Muy Buena
29/09/2025 07:43:48,18 a 29,Excelente,Muy Buena,Muy Buena,Muy Buena,Malo,Buena,Muy Buena
06/10/2025 10:23:55,18 a 29,Regular,Muy Buena,Muy Buena,Excelente,Regular,Buena,Muy Buena
21/09/2025 08:41:03,50 a 64,Muy Buena,Excelente,Buena,Muy Buena,Excelente,Excelente,Buena
16/09/2025 05:57:00,30 a 49,Regular,Muy Buena,Muy Buena,Muy Buena,Buena,Muy Buena,Muy Buena
22/06/2025 11:22:20,50 a 64,Muy Buena,Muy Buena,Excelente,Excelente,Excelente,Muy Buena,Muy Buena
23/06/2025 18:13:47,65 o más,Regular,Muy Buena,Buena,Excelente,Muy Buena,Excelente,Buena
22/10/2025 14:57:24,30 a 49,Excelente,Muy Buena,Buena,Excelente,Muy Buena,Muy Buena,Muy Buena
10/06/2025 03:32:10,30 a 49,Excelente,Muy Buena,Buena,Muy Buena,Buena,Muy Buena,Regular
19/09/2025 21:37:24,30 a 49,Excelente,Excelente,Muy Buena,Muy Buena,Muy Buena,Excelente,Muy Buena
02/07/2025 04:59:22,18 a 29,Buena,Muy Buena,Muy Buena,Excelente,Excelente,Muy Buena,Excelente
19/09/2025 03:58:28,30 a 49,Buena,Excelente,Muy Buena,Excelente,Excelente,Muy Buena,Regular
24/06/2025 18:16:49,50 a 64,Excelente,Muy Buena,Muy Buena,Buena,Muy Buena,Excelente,Muy Buena
01/07/2025 11:37:46,65 o más,Buena,Muy Buena,Muy Buena,Muy Buena,Buena,Muy Buena,Muy Buena
07/11/2025 08:30:43,50 a 64,Excelente,Muy Buena,Excelente,Muy Buena,Buena,Excelente,Excelente
01/06/2025 06:35:31,65 o más,Muy Buena,Muy Buena,Excelente,Muy Buena,Excelente,Muy Buena,Buena
20/06/2025 11:19:16,50 a 64,Excelente,Muy Buena,Muy Buena,Muy Buena,Excelente,Excelente,Muy Buena
08/09/2025 16:18:37,30 a 49,Excelente,Muy Buena,Excelente,Muy Buena,Buena,Muy Buena,Excelente
30/09/2025 07:46:06,18 a 29,Muy Buena,Muy Buena,Excelente,Excelente,Muy Buena,Excelente,Excelente
17/09/2025 08:52:52,30 a 49,Muy Buena,Muy Buena,Muy Buena,Muy Buena,Excelente,Regular,Buena
03/11/2025 06:12:36,30 a 49,Buena,Muy Buena,Muy Buena,Excelente,Muy Buena,Excelente,Muy Buena
18/07/2025 18:32:15,30 a 49,Muy Buena,Excelente,Muy Buena,Muy Buena,Excelente,Buena,Muy Buena
26/07/2025 22:12:05,30 a 49,Excelente,Muy Buena,Muy Buena,Muy Buena,Excelente,Excelente,Buena
20/06/2025 20:35:49,50 a 64,Muy Buena,Excelente,Muy Buena,Muy Buena,Excelente,Regular,Muy Buena
30/10/2025 22:10:56,50 a 64,Muy Buena,Buena,Muy Buena,Excelente,Excelente,Muy Buena,Muy Buena
24/09/2025 14:45:58,50 a 64,Excelente,Muy Buena,Muy Buena,Excelente,Excelente,Muy Buena,Excelente
23/07/2025 08:44:42,65 o más,Muy Buena,Excelente,Muy Buena,Excelente,Muy Buena,Buena,Muy Buena
28/09/2025 11:20:47,50 a 64,Excelente,Muy Buena,Excelente,Muy Buena,Regular,Excelente,Excelente
02/07/2025 01:23:21,50 a 64,Muy Buena,Excelente,Excelente,Excelente,Muy Buena,Malo,Regular
02/11/2025 20:02:46,30 a 49,Muy Buena,Muy Buena,Muy Buena,Excelente,Excelente,Muy Buena,Muy Buena
07/07/2025 15:37:47,50 a 64,Muy Buena,Excelente,Excelente,Muy Buena,Buena,Muy Buena,Muy Buena
21/09/2025 03:16:50,50 a 64,Muy Buena,Muy Buena,Excelente,Excelente,Buena,Excelente,Muy Buena
18/08/2025 01:24:40,30 a 49,Muy Buena,Muy Buena,Muy Buena,Excelente,Excelente,Excelente,Regular
08/07/2025 12:09:16,18 a 29,Muy Buena,Muy Buena,Buena,Muy Buena,Muy Buena,Excelente,Excelente
12/08/2025 11:48:00,30 a 49,Excelente,Excelente,Excelente,Muy Buena,Excelente,Buena,Buena
15/08/2025 08:09:46,50 a 64,Excelente,Muy Buena,Excelente,Muy Buena,Muy Buena,Muy Buena,Excelente
20/06/2025 11:45:38,30 a 49,Excelente,Muy Buena,Muy Buena,Muy Buena,Excelente,Excelente,Excelente
16/07/2025 18:31:23,65 o más,Regular,Muy Buena,Muy Buena,Muy Buena,Excelente,Muy Buena,Muy Buena
29/07/2025 10:42:49,50 a 64,Excelente,Muy Buena,Muy Buena,Muy Buena,Excelente,Muy Buena,Muy Buena
21/06/2025 11:45:29,30 a 49,Buena,Muy Buena,Muy Buena,Muy Buena,Excelente,Buena,Muy Buena
12/07/2025 01:05:58,30 a 49,Muy Buena,Excelente,Excelente,Excelente,Regular,Muy Buena,Buena
24/08/2025 01:32:05,50 a 64,Muy Buena,Muy Buena,Muy Buena,Excelente,Buena,Muy Buena,Excelente
28/08/2025 19:39:11,50 a 64,Excelente,Muy Buena,Muy Buena,Muy Buena,Regular,Buena,Muy Buena
31/10/2025 23:34:58,50 a 64,Excelente,Muy Buena,Buena,Muy Buena,Muy Buena,Excelente,Muy Buena
03/07/2025 09:00:05,50 a 64,Buena,Muy Buena,Buena,Muy Buena,Excelente,Malo,Muy Buena
17/08/2025 15:23:48,50 a 64,Buena,Buena,Excelente,Muy Buena,Regular,Buena,Buena
03/10/2025 02:03:20,18 a 29,Buena,Excelente,Muy Buena,Muy Buena,Buena,Regular,Buena
27/10/2025 19:16:13,30 a 49,Muy Buena,Muy Buena,Excelente,Excelente,Muy Buena,Muy Buena,Muy Buena
11/06/2025 17:54:44,30 a 49,Excelente,Excelente,Muy Buena,Muy Buena,Excelente,Muy Buena,Muy Buena
25/09/2025 23:17:51,65 o más,Excelente,Muy Buena,Buena,Muy Buena,Muy Buena,Buena,Muy Buena
03/08/2025 09:11:25,30 a 49,Excelente,Excelente,Muy Buena,Muy Buena,Muy Buena,Buena,Muy Buena
15/08/2025 23:17:50,50 a 64,Excelente,Muy Buena,Muy Buena,Muy Buena,Excelente,Excelente,Excelente
28/10/2025 15:48:02,30 a 49,Muy Buena,Excelente,Buena,Muy Buena,Excelente,Excelente,Regular
30/08/2025 06:02:20,50 a 64,Muy Buena,Muy Buena,Excelente,Muy Buena,Muy Buena,Buena,Excelente
07/11/2025 21:31:45,50 a 64,Muy Buena,Excelente,Excelente,Excelente,Excelente,Excelente,Excelente
30/08/2025 07:28:56,30 a 49,Excelente,Excelente,Buena,Excelente,Excelente,Excelente,Excelente
22/08/2025 03:06:08,18 a 29,Muy Buena,Excelente,Muy Buena,Muy Buena,Buena,Buena,Muy Buena
03/06/2025 12:51:58,65 o más,Muy Buena,Muy Buena,Muy Buena,Muy Buena,Muy Buena,Muy Buena,Muy Buena
20/07/2025 14:51:19,50 a 64,Buena,Muy Buena,Muy Buena,Muy Buena,Excelente,Excelente,Muy Buena
01/07/2025 05:17:52,65 o más,Buena,Muy Buena,Buena,Muy Buena,Excelente,Muy Buena,Muy Buena
17/09/2025 00:57:30,50 a 64,Malo,Excelente,Muy Buena,Excelente,Regular,Buena,Buena
06/06/2025 12:34:59,50 a 64,Buena,Muy Buena,Muy Buena,Excelente,Muy Buena,Regular,Muy Buena
08/08/2025 20:32:23,30 a 49,Buena,Muy Buena,Muy Buena,Muy Buena,Muy Buena,Excelente,Buena
19/07/2025 03:52:40,30 a 49,Muy Buena,Muy Buena,Muy Buena,Muy Buena,Excelente,Excelente,Muy Buena
05/08/2025 00:08:55,50 a 64,Buena,Excelente,Excelente,Excelente,Excelente,Muy Buena,Buena
02/11/2025 20:35:34,30 a 49,Buena,Muy Buena,Muy Buena,Muy Buena,Muy Buena,Excelente,Buena
07/10/2025 03:11:17,50 a 64,Malo,Excelente,Muy Buena,Muy Buena,Excelente,Excelente,Muy Buena
10/08/2025 06:55:28,50 a 64,Buena,Muy Buena,Buena,Muy Buena,Excelente,Muy Buena,Muy Buena
01/07/2025 04:06:29,50 a 64,Buena,Muy Buena,Muy Buena,Excelente,Regular,Muy Buena,Muy Buena
02/06/2025 05:06:53,50 a 64,Excelente,Muy Buena,Buena,Muy Buena,Muy Buena,Buena,Excelente
09/10/2025 09:22:04,50 a 64,Muy Buena,Muy Buena,Muy Buena,Excelente,Excelente,Excelente,Regular
26/10/2025 09:22:23,50 a 64,Muy Buena,Muy Buena,Muy Buena,Muy Buena,Excelente,Muy Buena,Buena
09/07/2025 20:01:00,18 a 29,Muy Buena,Muy Buena,Muy Buena,Muy Buena,Excelente,Muy Buena,Muy Buena
25/08/2025 15:09:39,18 a 29,Excelente,Muy Buena,Muy Buena,Muy Buena,Muy Buena,Muy Buena,Regular
01/09/2025 17:40:07,65 o más,Muy Buena,Muy Buena,Excelente,Muy Buena,Regular,Buena,Muy Buena
23/09/2025 00:31:41,65 o más,Muy Buena,Muy Buena,Buena,Muy Buena,Muy Buena,Excelente,Muy Buena
21/07/2025 16:02:45,50 a 64,Muy Buena,Muy Buena,Muy Buena,Muy Buena,Buena,Excelente,Excelente
09/09/2025 08:53:44,18 a 29,Muy Buena,Muy Buena,Buena,Muy Buena,Excelente,Excelente,Buena
01/11/2025 23:31:48,65 o más,Excelente,Buena,Excelente,Muy Buena,Buena,Muy Buena,Regular
17/07/2025 04:59:37,50 a 64,Muy Buena,Muy Buena,Excelente,Excelente,Excelente,Muy Buena,Excelente
14/08/2025 06:06:08,50 a 64,Excelente,Muy Buena,Excelente,Muy Buena,Buena,Excelente,Buena
27/09/2025 17:43:02,30 a 49,Muy Buena,Muy Buena,Buena,Muy Buena,Regular,Excelente,Muy Buena
12/10/2025 16:54:04,50 a 64,Malo,Muy Buena,Excelente,Muy Buena,Muy Buena,Excelente,Muy Buena
21/09/2025 11:09:26,50 a 64,Muy Buena,Muy Buena,Muy Buena,Muy Buena,Muy Buena,Muy Buena,Buena
07/07/2025 09:36:41,65 o más,Buena,Muy Buena,Buena,Excelente,Regular,Muy Buena,Excelente
03/10/2025 03:53:07,50 a 64,Excelente,Buena,Buena,Excelente,Excelente,Muy Buena,Muy Buena
01/08/2025 23:48:37,30 a 49,Regular,Buena,Muy Buena,Muy Buena,Excelente,Muy Buena,Muy Buena
30/08/2025 05:35:48,50 a 64,Muy Buena,Muy Buena,Excelente,Muy Buena,Muy Buena,Excelente,Muy Buena
10/09/2025 06:39:50,65 o más,Muy Buena,Excelente,Muy Buena,Muy Buena,Excelente,Buena,Muy Buena
05/09/2025 22:07:24,50 a 64,Excelente,Muy Buena,Muy Buena,Muy Buena,Muy Buena,Excelente,Buena
04/10/2025 22:35:50,50 a 64,Malo,Muy Buena,Muy Buena,Excelente,Buena,Regular,Excelente
22/07/2025 20:31:17,50 a 64,Muy Buena,Excelente,Muy Buena,Muy Buena,Regular,Muy Buena,Excelente
10/10/2025 20:45:56,30 a 49,Malo,Muy Buena,Muy Buena,Muy Buena,Muy Buena,Buena,Regular
03/07/2025 01:35:20,50 a 64,Muy Buena,Muy Buena,Muy Buena,Muy Buena,Muy Buena,Excelente,Muy Buena
25/10/2025 14:57:57,50 a 64,Buena,Excelente,Muy Buena,Muy Buena,Excelente,Muy Buena,Excelente
23/10/2025 21:10:35,30 a 49,Muy Buena,Muy Buena,Muy Buena,Excelente,Excelente,Excelente,Muy Buena
16/10/2025 19:51:07,30 a 49,Buena,Excelente,Excelente,Muy Buena,Regular,Muy Buena,Regular
01/10/2025 05:29:12,65 o más,Muy Buena,Buena,Buena,Muy Buena,Excelente,Buena,Excelente
16/10/2025 16:19:51,30 a 49,Excelente,Muy Buena,Muy Buena,Excelente,Muy Buena,Excelente,Muy Buena
29/07/2025 22:00:20,30 a 49,Excelente,Muy Buena,Muy Buena,Muy Buena,Regular,Muy Buena,Buena
04/11/2025 05:29:22,50 a 64,Buena,Muy Buena,Muy Buena,Excelente,Excelente,Muy Buena,Muy Buena
26/06/2025 00:31:36,65 o más,Excelente,Muy Buena,Excelente,Muy Buena,Muy Buena,Muy Buena,Buena
10/08/2025 22:28:40,50 a 64,Excelente,Muy Buena,Muy Buena,Excelente,Excelente,Buena,Muy Buena
21/08/2025 06:00:16,50 a 64,Excelente,Buena,Excelente,Excelente,Malo,Muy Buena,Excelente
13/09/2025 02:27:07,18 a 29,Muy Buena,Muy Buena,Muy Buena,Muy Buena,Buena,Excelente,Buena
25/08/2025 18:36:29,50 a 64,Muy Buena,Excelente,Buena,Muy Buena,Muy Buena,Muy Buena,Excelente
14/09/2025 13:48:43,30 a 49,Excelente,Muy Buena,Muy Buena,Muy Buena,Muy Buena,Excelente,Excelente
16/10/2025 12:21:25,30 a 49,Excelente,Muy Buena,Muy Buena,Muy Buena,Muy Buena,Buena,Muy Buena
31/10/2025 23:45:46,30 a 49,Excelente,Excelente,Excelente,Muy Buena,Muy Buena,Buena,Excelente
16/10/2025 16:26:54,65 o más,Excelente,Excelente,Muy Buena,Excelente,Regular,Excelente,Muy Buena
04/10/2025 15:30:35,30 a 49,Excelente,Excelente,Muy Buena,Muy Buena,Excelente,Regular,Muy Buena
24/06/2025 18:04:14,65 o más,Buena,Muy Buena,Muy Buena,Excelente,Muy Buena,Excelente,Buena
31/10/2025 02:11:26,30 a 49,Excelente,Muy Buena,Buena,Muy Buena,Excelente,Regular,Buena
31/10/2025 20:22:44,50 a 64,Regular,Muy Buena,Buena,Muy Buena,Muy Buena,Excelente,Excelente
09/10/2025 09:50:13,50 a 64,Muy Buena,Muy Buena,Muy Buena,Muy Buena,Buena,Muy Buena,Muy Buena
06/09/2025 22:12:37,65 o más,Excelente,Muy Buena,Muy Buena,Excelente,Excelente,Buena,Regular
09/10/2025 11:52:40,65 o más,Buena,Excelente,Excelente,Muy Buena,Regular,Regular,Excelente
27/07/2025 16:54:12,30 a 49,Excelente,Muy Buena,Excelente,Excelente,Excelente,Muy Buena,Excelente
20/09/2025 06:35:12,65 o más,Muy Buena,Muy Buena,Muy Buena,Muy Buena,Muy Buena,Muy Buena,Muy Buena
02/07/2025 11:29:12,65 o más,Excelente,Buena,Muy Buena,Muy Buena,Regular,Muy Buena,Muy Buena
19/07/2025 15:19:19,50 a 64,Excelente,Muy Buena,Muy Buena,Buena,Muy Buena,Muy Buena,Muy Buena
18/06/2025 05:46:31,50 a 64,Muy Buena,Muy Buena,Excelente,Muy Buena,Muy Buena,Buena,Muy Buena
29/10/2025 00:52:03,50 a 64,Muy Buena,Muy Buena,Excelente,Muy Buena,Excelente,Regular,Muy Buena
28/08/2025 08:13:34,50 a 64,Buena,Muy Buena,Excelente,Excelente,Buena,Muy Buena,Buena
17/08/2025 21:49:18,50 a 64,Muy Buena,Muy Buena,Muy Buena,Excelente,Excelente,Excelente,Muy Buena
13/06/2025 21:13:25,65 o más,Muy Buena,Muy Buena,Muy Buena,Excelente,Excelente,Muy Buena,Muy Buena
31/10/2025 23:06:10,50 a 64,Excelente,Muy Buena,Excelente,Muy Buena,Muy Buena,Muy Buena,Regular
02/07/2025 23:06:00,18 a 29,Excelente,Muy Buena,Excelente,Excelente,Buena,Excelente,Buena
25/10/2025 21:53:51,30 a 49,Muy Buena,Excelente,Buena,Muy Buena,Muy Buena,Muy Buena,Muy Buena
30/10/2025 07:45:07,50 a 64,Excelente,Muy Buena,Muy Buena,Muy Buena,Regular,Regular,Muy Buena
23/06/2025 09:54:18,30 a 49,Muy Buena,Muy Buena,Muy Buena,Muy Buena,Muy Buena,Muy Buena,Muy Buena
25/09/2025 03:08:13,18 a 29,Excelente,Excelente,Muy Buena,Muy Buena,Excelente,Excelente,Regular
10/06/2025 14:24:09,50 a 64,Excelente,Muy Buena,Buena,Excelente,Excelente,Muy Buena,Regular
05/09/2025 09:31:07,50 a 64,Buena,Excelente,Excelente,Excelente,Buena,Buena,Excelente
16/09/2025 15:00:24,50 a 64,Muy Buena,Buena,Excelente,Muy Buena,Regular,Buena,Excelente
28/09/2025 06:16:30,65 o más,Regular,Muy Buena,Muy Buena,Muy Buena,Excelente,Muy Buena,Muy Buena
10/10/2025 18:58:11,18 a 29,Muy Buena,Muy Buena,Excelente,Muy Buena,Muy Buena,Buena,Buena
03/08/2025 14:46:59,30 a 49,Muy Buena,Muy Buena,Muy Buena,Muy Buena,Excelente,Regular,Buena
15/10/2025 23:05:56,30 a 49,Excelente,Muy Buena,Muy Buena,Muy Buena,Regular,Muy Buena,Muy Buena
24/06/2025 18:46:08,18 a 29,Buena,Muy Buena,Muy Buena,Excelente,Muy Buena,Buena,Excelente
31/05/2025 11:56:03,50 a 64,Excelente,Muy Buena,Excelente,Muy Buena,Muy Buena,Regular,Excelente
25/10/2025 04:20:59,50 a 64,Excelente,Excelente,Excelente,Muy Buena,Muy Buena,Muy Buena,Muy Buena
20/10/2025 17:53:27,18 a 29,Excelente,Excelente,Muy Buena,Muy Buena,Excelente,Excelente,Muy Buena
24/09/2025 13:51:54,30 a 49,Muy Buena,Excelente,Muy Buena,Muy Buena,Excelente,Excelente,Muy Buena
08/09/2025 06:24:36,18 a 29,Muy Buena,Muy Buena,Buena,Muy Buena,Buena,Excelente,Regular
20/09/2025 15:34:44,50 a 64,Muy Buena,Muy Buena,Muy Buena,Excelente,Buena,Muy Buena,Muy Buena
07/10/2025 18:16:23,65 o más,Muy Buena,Muy Buena,Muy Buena,Muy Buena,Buena,Muy Buena,Excelente
11/07/2025 05:50:15,18 a 29,Muy Buena,Excelente,Excelente,Excelente,Muy Buena,Excelente,Muy Buena
03/06/2025 02:53:54,50 a 64,Excelente,Muy Buena,Muy Buena,Muy Buena,Muy Buena,Buena,Muy Buena
28/09/2025 20:13:40,50 a 64,Buena,Muy Buena,Muy Buena,Excelente,Excelente,Excelente,Muy Buena
23/10/2025 20:35:19,18 a 29,Buena,Muy Buena,Excelente,Muy Buena,Excelente,Excelente,Buena
11/06/2025 00:26:43,30 a 49,Excelente,Excelente,Muy Buena,Excelente,Buena,Excelente,Buena
15/10/2025 21:56:24,65 o más,Excelente,Muy Buena,Buena,Muy Buena,Malo,Muy Buena,Excelente
05/09/2025 23:05:53,50 a 64,Muy Buena,Muy Buena,Buena,Excelente,Muy Buena,Excelente,Muy Buena
29/10/2025 07:02:22,30 a 49,Buena,Excelente,Muy Buena,Muy Buena,Excelente,Muy Buena,Excelente
06/10/2025 18:39:10,50 a 64,Muy Buena,Buena,Buena,Muy Buena,Muy Buena,Excelente,Muy Buena
25/06/2025 08:28:28,65 o más,Excelente,Muy Buena,Muy Buena,Muy Buena,Buena,Muy Buena,Buena
14/08/2025 06:39:33,30 a 49,Excelente,Muy Buena,Buena,Muy Buena,Excelente,Muy Buena,Muy Buena
10/08/2025 22:35:35,50 a 64,Muy Buena,Muy Buena,Muy Buena,Muy Buena,Muy Buena,Muy Buena,Excelente
02/08/2025 11:57:53,30 a 49,Muy Buena,Muy Buena,Muy Buena,Excelente,Excelente,Muy Buena,Excelente
27/10/2025 04:29:53,30 a 49,Excelente,Muy Buena,Excelente,Muy Buena,Buena,Buena,Muy Buena
11/09/2025 03:39:58,18 a 29,Muy Buena,Muy Buena,Muy Buena,Muy Buena,Excelente,Excelente,Muy Buena
16/10/2025 15:12:54,50 a 64,Excelente,Muy Buena,Buena,Excelente,Excelente,Muy Buena,Buena
05/10/2025 04:05:04,30 a 49,Excelente,Muy Buena,Buena,Excelente,Muy Buena,Excelente,Muy Buena
28/09/2025 06:56:07,50 a 64,Muy Buena,Buena,Excelente,Muy Buena,Muy Buena,Muy Buena,Muy Buena
12/10/2025 04:46:04,18 a 29,Excelente,Muy Buena,Buena,Excelente,Muy Buena,Muy Buena,Muy Buena
02/09/2025 10:59:16,30 a 49,Muy Buena,Excelente,Buena,Excelente,Regular,Excelente,Muy Buena
09/07/2025 16:14:08,65 o más,Excelente,Muy Buena,Buena,Excelente,Buena,Excelente,Regular
04/09/2025 04:06:36,50 a 64,Excelente,Muy Buena,Excelente,Excelente,Regular,Excelente,Excelente
24/08/2025 16:32:38,65 o más,Excelente,Excelente,Muy Buena,Excelente,Buena,Excelente,Muy Buena
25/08/2025 12:57:52,18 a 29,Muy Buena,Muy Buena,Muy Buena,Muy Buena,Muy Buena,Excelente,Muy Buena
24/06/2025 21:26:28,50 a 64,Muy Buena,Excelente,Buena,Muy Buena,Excelente,Muy Buena,Muy Buena
30/09/2025 08:34:35,30 a 49,Malo,Muy Buena,Buena,Excelente,Muy Buena,Muy Buena,Regular
15/07/2025 12:55:14,30 a 49,Muy Buena,Muy Buena,Excelente,Muy Buena,Muy Buena,Muy Buena,Excelente
16/06/2025 08:12:09,50 a 64,Excelente,Muy Buena,Excelente,Excelente,Excelente,Excelente,Muy Buena
08/07/2025 22:01:26,50 a 64,Buena,Excelente,Buena,Excelente,Muy Buena,Buena,Muy Buena
09/10/2025 15:02:32,65 o más,Muy Buena,Muy Buena,Muy Buena,Excelente,Buena,Muy Buena,Muy Buena
28/09/2025 05:47:35,30 a 49,Buena,Muy Buena,Muy Buena,Muy Buena,Buena,Excelente,Excelente
17/08/2025 22:45:53,50 a 64,Excelente,Muy Buena,Muy Buena,Muy Buena,Muy Buena,Muy Buena,Excelente
04/10/2025 02:15:01,50 a 64,Malo,Muy Buena,Buena,Muy Buena,Excelente,Malo,Buena
27/09/2025 19:17:26,50 a 64,Muy Buena,Muy Buena,Muy Buena,Muy Buena,Muy Buena,Muy Buena,Excelente
31/07/2025 08:42:40,50 a 64,Excelente,Muy Buena,Muy Buena,Muy Buena,Excelente,Excelente,Regular
21/08/2025 03:18:03,50 a 64,Muy Buena,Muy Buena,Muy Buena,Excelente,Muy Buena,Excelente,Muy Buena
26/10/2025 14:03:37,50 a 64,Muy Buena,Excelente,Buena,Muy Buena,Muy Buena,Muy Buena,Buena
01/06/2025 21:38:36,30 a 49,Buena,Muy Buena,Muy Buena,Muy Buena,Excelente,Muy Buena,Excelente
05/10/2025 19:41:22,50 a 64,Excelente,Muy Buena,Muy Buena,Muy Buena,Excelente,Buena,Muy Buena
30/06/2025 05:09:34,30 a 49,Buena,Muy Buena,Buena,Muy Buena,Excelente,Buena,Muy Buena
08/08/2025 09:17:52,65 o más,Excelente,Muy Buena,Muy Buena,Muy Buena,Excelente,Muy Buena,Excelente
19/06/2025 05:42:37,65 o más,Muy Buena,Excelente,Muy Buena,Muy Buena,Muy Buena,Muy Buena,Excelente
26/08/2025 03:42:29,30 a 49,Excelente,Muy Buena,Muy Buena,Excelente,Excelente,Regular,Muy Buena
19/06/2025 06:50:09,50 a 64,Muy Buena,Muy Buena,Muy Buena,Muy Buena,Excelente,Muy Buena,Excelente
14/08/2025 22:49:45,50 a 64,Muy Buena,Muy Buena,Buena,Excelente,Buena,Muy Buena,Muy Buena
05/09/2025 20:29:26,18 a 29,Muy Buena,Muy Buena,Muy Buena,Muy Buena,Muy Buena,Muy Buena,Excelente
19/07/2025 09:26:26,30 a 49,Excelente,Excelente,Excelente,Excelente,Excelente,Muy Buena,Regular
26/10/2025 17:26:09,65 o más,Excelente,Excelente,Buena,Buena,Malo,Muy Buena,Buena
17/06/2025 23:06:52,50 a 64,Malo,Excelente,Muy Buena,Muy Buena,Regular,Excelente,Buena
23/09/2025 13:57:14,50 a 64,Excelente,Muy Buena,Buena,Excelente,Muy Buena,Muy Buena,Muy Buena
06/06/2025 05:43:10,65 o más,Buena,Muy Buena,Buena,Muy Buena,Regular,Buena,Muy Buena
22/07/2025 10:44:47,50 a 64,Excelente,Muy Buena,Excelente,Muy Buena,Muy Buena,Buena,Muy Buena
19/08/2025 11:09:55,30 a 49,Muy Buena,Excelente,Muy Buena,Muy Buena,Malo,Muy Buena,Buena
25/10/2025 01:07:31,30 a 49,Muy Buena,Muy Buena,Muy Buena,Muy Buena,Muy Buena,Excelente,Muy Buena
28/08/2025 11:51:26,50 a 64,Excelente,Muy Buena,Excelente,Muy Buena,Excelente,Buena,Excelente
05/07/2025 06:23:56,65 o más,Excelente,Muy Buena,Muy Buena,Muy Buena,Muy Buena,Excelente,Excelente
14/06/2025 05:57:36,50 a 64,Regular,Muy Buena,Buena,Muy Buena,Excelente,Malo,Muy Buena
09/07/2025 00:16:30,30 a 49,Muy Buena,Buena,Muy Buena,Excelente,Buena,Excelente,Excelente
29/10/2025 01:37:36,50 a 64,Excelente,Buena,Muy Buena,Muy Buena,Muy Buena,Muy Buena,Muy Buena
13/09/2025 17:47:54,18 a 29,Excelente,Muy Buena,Excelente,Muy Buena,Muy Buena,Muy Buena,Excelente
01/11/2025 09:54:34,30 a 49,Muy Buena,Muy Buena,Muy Buena,Muy Buena,Buena,Buena,Excelente
19/08/2025 17:05:44,50 a 64,Excelente,Muy Buena,Muy Buena,Muy Buena,Muy Buena,Excelente,Muy Buena
06/08/2025 20:31:56,30 a 49,Buena,Muy Buena,Muy Buena,Muy Buena,Excelente,Muy Buena,Muy Buena
10/09/2025 14:16:20,18 a 29,Muy Buena,Muy Buena,Buena,Muy Buena,Excelente,Muy Buena,Muy Buena
08/06/2025 21:38:09,50 a 64,Excelente,Muy Buena,Muy Buena,Muy Buena,Muy Buena,Muy Buena,Muy Buena
19/10/2025 06:16:47,50 a 64,Buena,Muy Buena,Muy Buena,Muy Buena,Malo,Muy Buena,Muy Buena
30/09/2025 02:20:37,65 o más,Muy Buena,Muy Buena,Muy Buena,Buena,Buena,Buena,Excelente
06/07/2025 05:57:12,30 a 49,Muy Buena,Excelente,Buena,Muy Buena,Excelente,Buena,Muy Buena
17/09/2025 13:26:06,50 a 64,Muy Buena,Muy Buena,Buena,Muy Buena,Buena,Buena,Excelente
22/07/2025 09:59:29,65 o más,Muy Buena,Muy Buena,Buena,Muy Buena,Excelente,Muy Buena,Muy Buena
21/06/2025 22:01:23,50 a 64,Excelente,Excelente,Muy Buena,Muy Buena,Regular,Buena,Buena
10/08/2025 06:38:59,30 a 49,Muy Buena,Excelente,Buena,Buena,Muy Buena,Muy Buena,Excelente
01/09/2025 17:58:34,30 a 49,Muy Buena,Muy Buena,Excelente,Excelente,Excelente,Muy Buena,Muy Buena
04/07/2025 11:41:50,30 a 49,Excelente,Muy Buena,Excelente,Muy Buena,Excelente,Muy Buena,Muy Buena
26/08/2025 00:32:26,50 a 64,Muy Buena,Muy Buena,Muy Buena,Muy Buena,Buena,Excelente,Muy Buena
12/07/2025 17:20:09,30 a 49,Excelente,Muy Buena,Buena,Buena,Excelente,Excelente,Excelente
20/09/2025 04:14:10,65 o más,Muy Buena,Muy Buena,Muy Buena,Excelente,Muy Buena,Regular,Excelente
08/10/2025 12:09:52,50 a 64,Muy Buena,Buena,Muy Buena,Excelente,Buena,Buena,Buena
31/08/2025 12:56:43,65 o más,Excelente,Excelente,Muy Buena,Muy Buena,Excelente,Muy Buena,Muy Buena
17/08/2025 23:40:42,30 a 49,Excelente,Muy Buena,Muy Buena,Buena,Excelente,Muy Buena,Buena
19/06/2025 23:45:01,30 a 49,Excelente,Excelente,Buena,Muy Buena,Muy Buena,Regular,Buena
19/06/2025 17:27:19,50 a 64,Muy Buena,Muy Buena,Buena,Excelente,Excelente,Regular,Muy Buena
03/11/2025 06:20:35,30 a 49,Buena,Muy Buena,Muy Buena,Muy Buena,Excelente,Excelente,Muy Buena
31/10/2025 04:46:50,30 a 49,Muy Buena,Excelente,Muy Buena,Muy Buena,Muy Buena,Excelente,Muy Buena
23/08/2025 17:47:34,18 a 29,Muy Buena,Muy Buena,Muy Buena,Muy Buena,Excelente,Muy Buena,Muy Buena
04/09/2025 16:28:21,18 a 29,Excelente,Buena,Buena,Buena,Excelente,Muy Buena,Buena
09/06/2025 12:45:56,30 a 49,Excelente,Excelente,Excelente,Muy Buena,Buena,Muy Buena,Muy Buena
01/09/2025 21:25:22,65 o más,Buena,Muy Buena,Muy Buena,Muy Buena,Regular,Excelente,Excelente
13/08/2025 22:10:22,65 o más,Excelente,Muy Buena,Buena,Muy Buena,Muy Buena,Muy Buena,Excelente
07/10/2025 01:05:32,30 a 49,Muy Buena,Muy Buena,Excelente,Muy Buena,Excelente,Buena,Muy Buena
18/09/2025 15:31:38,18 a 29,Buena,Excelente,Excelente,Muy Buena,Excelente,Muy Buena,Buena
05/08/2025 18:18:43,30 a 49,Muy Buena,Muy Buena,Muy Buena,Muy Buena,Excelente,Muy Buena,Buena
01/10/2025 02:10:02,50 a 64,Muy Buena,Muy Buena,Buena,Muy Buena,Muy Buena,Excelente,Buena
16/09/2025 02:38:26,65 o más,Buena,Excelente,Buena,Excelente,Regular,Buena,Buena
07/10/2025 15:48:45,30 a 49,Excelente,Excelente,Buena,Muy Buena,Buena,Excelente,Muy Buena
08/10/2025 07:59:49,65 o más,Muy Buena,Excelente,Buena,Buena,Malo,Buena,Muy Buena
15/07/2025 17:49:56,30 a 49,Excelente,Muy Buena,Muy Buena,Muy Buena,Muy Buena,Excelente,Muy Buena
20/09/2025 12:13:11,50 a 64,Excelente,Muy Buena,Excelente,Muy Buena,Muy Buena,Muy Buena,Excelente
10/08/2025 00:00:24,30 a 49,Muy Buena,Muy Buena,Muy Buena,Muy Buena,Excelente,Excelente,Excelente
19/09/2025 04:59:03,18 a 29,Excelente,Excelente,Muy Buena,Muy Buena,Muy Buena,Muy Buena,Muy Buena
09/08/2025 22:59:38,18 a 29,Buena,Excelente,Muy Buena,Excelente,Excelente,Excelente,Muy Buena
04/09/2025 05:49:46,50 a 64,Muy Buena,Muy Buena,Muy Buena,Buena,Muy Buena,Buena,Buena
17/09/2025 16:00:13,18 a 29,Muy Buena,Muy Buena,Excelente,Muy Buena,Buena,Muy Buena,Muy Buena
03/11/2025 00:39:06,50 a 64,Excelente,Excelente,Buena,Muy Buena,Muy Buena,Excelente,Muy Buena
31/08/2025 09:44:59,50 a 64,Muy Buena,Muy Buena,Buena,Excelente,Excelente,Malo,Buena
17/07/2025 09:56:07,30 a 49,Buena,Muy Buena,Muy Buena,Muy Buena,Buena,Buena,Excelente
24/09/2025 21:28:12,65 o más,Excelente,Muy Buena,Excelente,Muy Buena,Excelente,Excelente,Muy Buena
17/07/2025 22:45:49,30 a 49,Muy Buena,Muy Buena,Muy Buena,Excelente,Excelente,Muy Buena,Excelente
02/09/2025 01:19:05,50 a 64,Excelente,Excelente,Muy Buena,Muy Buena,Buena,Buena,Muy Buena
04/09/2025 02:56:00,18 a 29,Muy Buena,Muy Buena,Excelente,Muy Buena,Muy Buena,Regular,Muy Buena
14/10/2025 19:32:46,50 a 64,Excelente,Muy Buena,Muy Buena,Excelente,Excelente,Muy Buena,Excelente
09/09/2025 12:45:08,30 a 49,Excelente,Muy Buena,Muy Buena,Muy Buena,Excelente,Excelente,Muy Buena
11/07/2025 04:15:58,30 a 49,Excelente,Excelente,Muy Buena,Excelente,Muy Buena,Muy Buena,Buena
26/06/2025 03:24:44,30 a 49,Excelente,Excelente,Muy Buena,Muy Buena,Muy Buena,Regular,Muy Buena
22/08/2025 11:43:11,18 a 29,Excelente,Muy Buena,Muy Buena,Excelente,Excelente,Muy Buena,Excelente
01/10/2025 15:39:23,30 a 49,Muy Buena,Muy Buena,Muy Buena,Excelente,Muy Buena,Muy Buena,Excelente
05/10/2025 08:46:33,50 a 64,Excelente,Excelente,Muy Buena,Muy Buena,Excelente,Muy Buena,Excelente
04/07/2025 19:22:10,30 a 49,Buena,Buena,Muy Buena,Muy Buena,Buena,Muy Buena,Excelente
18/06/2025 17:49:10,30 a 49,Buena,Muy Buena,Muy Buena,Muy Buena,Buena,Buena,Regular
05/07/2025 12:02:58,30 a 49,Muy Buena,Muy Buena,Muy Buena,Muy Buena,Excelente,Excelente,Muy Buena
09/08/2025 18:32:30,50 a 64,Muy Buena,Muy Buena,Excelente,Muy Buena,Muy Buena,Buena,Buena
20/06/2025 04:53:21,18 a 29,Excelente,Excelente,Buena,Muy Buena,Excelente,Excelente,Muy Buena
09/08/2025 08:18:46,50 a 64,Excelente,Muy Buena,Buena,Excelente,Excelente,Muy Buena,Muy Buena
19/10/2025 01:25:02,30 a 49,Excelente,Muy Buena,Muy Buena,Excelente,Excelente,Muy Buena,Muy Buena
07/08/2025 00:35:43,30 a 49,Regular,Muy Buena,Muy Buena,Muy Buena,Excelente,Excelente,Muy Buena
11/08/2025 04:58:48,30 a 49,Malo,Muy Buena,Muy Buena,Excelente,Muy Buena,Excelente,Buena
15/10/2025 05:24:21,65 o más,Excelente,Muy Buena,Muy Buena,Muy Buena,Muy Buena,Excelente,Muy Buena
22/10/2025 17:31:23,50 a 64,Muy Buena,Muy Buena,Buena,Muy Buena,Buena,Buena,Muy Buena
24/09/2025 00:19:03,30 a 49,Muy Buena,Muy Buena,Excelente,Muy Buena,Excelente,Excelente,Excelente
03/07/2025 10:51:21,30 a 49,Muy Buena,Excelente,Muy Buena,Muy Buena,Muy Buena,Regular,Muy Buena
17/09/2025 11:11:33,50 a 64,Excelente,Muy Buena,Muy Buena,Muy Buena,Muy Buena,Excelente,Muy Buena
22/10/2025 06:53:41,50 a 64,Muy Buena,Muy Buena,Muy Buena,Muy Buena,Excelente,Malo,Muy Buena
31/08/2025 21:00:23,50 a 64,Buena,Muy Buena,Excelente,Muy Buena,Regular,Excelente,Buena
14/08/2025 22:55:13,50 a 64,Muy Buena,Muy Buena,Excelente,Muy Buena,Excelente,Excelente,Regular
01/08/2025 20:21:10,18 a 29,Excelente,Muy Buena,Excelente,Excelente,Excelente,Buena,Muy Buena
17/08/2025 00:10:35,18 a 29,Buena,Excelente,Muy Buena,Muy Buena,Excelente,Buena,Regular
02/06/2025 17:06:17,30 a 49,Excelente,Muy Buena,Excelente,Muy Buena,Excelente,Buena,Excelente
20/10/2025 04:27:28,65 o más,Excelente,Excelente,Buena,Muy Buena,Muy Buena,Excelente,Muy Buena
10/09/2025 12:53:07,65 o más,Excelente,Muy Buena,Muy Buena,Buena,Excelente,Muy Buena,Excelente
08/11/2025 06:58:31,65 o más,Excelente,Excelente,Buena,Muy Buena,Excelente,Muy Buena,Excelente
24/10/2025 18:03:02,65 o más,Muy Buena,Muy Buena,Muy Buena,Excelente,Excelente,Excelente,Muy Buena
13/07/2025 07:45:29,50 a 64,Muy Buena,Muy Buena,Excelente,Excelente,Muy Buena,Muy Buena,Regular
13/09/2025 18:28:05,30 a 49,Muy Buena,Excelente,Muy Buena,Muy Buena,Muy Buena,Muy Buena,Muy Buena
03/08/2025 05:05:08,50 a 64,Excelente,Muy Buena,Muy Buena,Muy Buena,Excelente,Regular,Buena
11/07/2025 04:19:45,18 a 29,Muy Buena,Excelente,Muy Buena,Muy Buena,Excelente,Muy Buena,Muy Buena
11/08/2025 02:44:45,50 a 64,Buena,Muy Buena,Muy Buena,Muy Buena,Buena,Muy Buena,Buena
31/07/2025 22:43:48,65 o más,Muy Buena,Buena,Muy Buena,Muy Buena,Excelente,Buena,Excelente
04/11/2025 18:28:15,50 a 64,Muy Buena,Excelente,Buena,Excelente,Excelente,Muy Buena,Muy Buena
24/10/2025 18:21:37,18 a 29,Excelente,Muy Buena,Excelente,Excelente,Buena,Malo,Excelente
14/09/2025 06:29:25,50 a 64,Malo,Muy Buena,Muy Buena,Excelente,Excelente,Muy Buena,Excelente
12/07/2025 00:34:28,50 a 64,Muy Buena,Excelente,Muy Buena,Muy Buena,Excelente,Buena,Regular
01/08/2025 06:54:08,30 a 49,Muy Buena,Muy Buena,Buena,Muy Buena,Buena,Buena,Excelente
13/07/2025 05:04:48,50 a 64,Excelente,Muy Buena,Muy Buena,Excelente,Muy Buena,Muy Buena,Muy Buena
08/06/2025 03:06:02,30 a 49,Muy Buena,Muy Buena,Muy Buena,Muy Buena,Buena,Regular,Excelente
17/07/2025 12:05:36,30 a 49,Buena,Muy Buena,Muy Buena,Muy Buena,Regular,Muy Buena,Muy Buena
26/09/2025 23:10:00,30 a 49,Muy Buena,Muy Buena,Muy Buena,Muy Buena,Muy Buena,Muy Buena,Buena
07/11/2025 10:21:47,30 a 49,Malo,Muy Buena,Buena,Muy Buena,Muy Buena,Excelente,Muy Buena
08/10/2025 23:55:52,65 o más,Muy Buena,Muy Buena,Muy Buena,Muy Buena,Muy Buena,Muy Buena,Muy Buena
15/10/2025 19:53:17,30 a 49,Buena,Excelente,Muy Buena,Muy Buena,Excelente,Regular,Muy Buena
07/06/2025 22:06:21,50 a 64,Muy Buena,Muy Buena,Excelente,Muy Buena,Muy Buena,Muy Buena,Buena
15/06/2025 03:54:11,50 a 64,Muy Buena,Muy Buena,Buena,Excelente,Buena,Muy Buena,Muy Buena
03/10/2025 00:56:26,18 a 29,Excelente,Muy Buena,Buena,Excelente,Muy Buena,Buena,Muy Buena
26/10/2025 00:24:16,18 a 29,Muy Buena,Muy Buena,Muy Buena,Muy Buena,Malo,Excelente,Excelente
10/08/2025 20:04:26,65 o más,Excelente,Excelente,Buena,Muy Buena,Muy Buena,Muy Buena,Excelente
12/08/2025 08:46:43,50 a 64,Muy Buena,Muy Buena,Excelente,Muy Buena,Excelente,Excelente,Regular
31/08/2025 18:48:18,50 a 64,Muy Buena,Muy Buena,Muy Buena,Muy Buena,Muy Buena,Muy Buena,Buena
04/09/2025 06:58:28,30 a 49,Muy Buena,Muy Buena,Muy Buena,Muy Buena,Regular,Excelente,Muy Buena
11/06/2025 16:22:44,50 a 64,Buena,Muy Buena,Excelente,Muy Buena,Malo,Regular,Muy Buena
18/08/2025 22:52:32,30 a 49,Muy Buena,Muy Buena,Muy Buena,Muy Buena,Excelente,Muy Buena,Muy Buena
18/08/2025 08:24:34,65 o más,Excelente,Muy Buena,Muy Buena,Muy Buena,Excelente,Muy Buena,Muy Buena
27/07/2025 15:57:35,30 a 49,Muy Buena,Excelente,Muy Buena,Muy Buena,Muy Buena,Excelente,Buena
23/10/2025 19:11:35,30 a 49,Muy Buena,Muy Buena,Muy Buena,Muy Buena,Muy Buena,Excelente,Muy Buena
28/09/2025 06:10:41,50 a 64,Excelente,Muy Buena,Muy Buena,Muy Buena,Muy Buena,Excelente,Buena
11/08/2025 06:14:30,18 a 29,Muy Buena,Muy Buena,Excelente,Muy Buena,Muy Buena,Buena,Buena
29/07/2025 19:25:13,50 a 64,Excelente,Excelente,Muy Buena,Excelente,Muy Buena,Regular,Buena
17/06/2025 01:56:12,50 a 64,Muy Buena,Muy Buena,Muy Buena,Excelente,Excelente,Muy Buena,Muy Buena
27/06/2025 16:11:02,30 a 49,Excelente,Buena,Muy Buena,Muy Buena,Excelente,Muy Buena,Muy Buena
22/07/2025 12:28:06,18 a 29,Regular,Muy Buena,Buena,Muy Buena,Muy Buena,Muy Buena,Muy Buena
26/06/2025 06:31:29,50 a 64,Muy Buena,Muy Buena,Excelente,Muy Buena,Excelente,Excelente,Excelente
06/08/2025 23:03:49,65 o más,Muy Buena,Excelente,Buena,Excelente,Muy Buena,Buena,Muy Buena
23/09/2025 15:46:24,18 a 29,Muy Buena,Muy Buena,Buena,Excelente,Excelente,Muy Buena,Excelente
25/09/2025 16:03:51,50 a 64,Muy Buena,Muy Buena,Muy Buena,Buena,Excelente,Excelente,Muy Buena
11/10/2025 21:48:02,30 a 49,Buena,Excelente,Muy Buena,Muy Buena,Excelente,Regular,Muy Buena
01/10/2025 18:08:56,50 a 64,Excelente,Excelente,Excelente,Excelente,Excelente,Muy Buena,Excelente
09/07/2025 06:40:02,18 a 29,Excelente,Muy Buena,Muy Buena,Excelente,Muy Buena,Muy Buena,Buena
05/07/2025 01:44:23,50 a 64,Muy Buena,Excelente,Buena,Muy Buena,Buena,Excelente,Buena
13/09/2025 04:26:13,50 a 64,Buena,Muy Buena,Excelente,Muy Buena,Excelente,Muy Buena,Excelente
06/10/2025 00:55:02,30 a 49,Excelente,Excelente,Muy Buena,Muy Buena,Muy Buena,Buena,Muy Buena
04/09/2025 00:07:43,30 a 49,Buena,Excelente,Excelente,Muy Buena,Muy Buena,Excelente,Excelente
30/10/2025 14:05:50,50 a 64,Malo,Muy Buena,Buena,Muy Buena,Excelente,Muy Buena,Muy Buena
17/09/2025 17:45:34,50 a 64,Excelente,Muy Buena,Muy Buena,Muy Buena,Excelente,Regular,Muy Buena
14/10/2025 06:23:46,18 a 29,Excelente,Muy Buena,Buena,Excelente,Buena,Excelente,Muy Buena
19/09/2025 13:03:00,50 a 64,Muy Buena,Muy Buena,Muy Buena,Muy Buena,Buena,Excelente,Buena
04/11/2025 15:46:39,65 o más,Regular,Muy Buena,Muy Buena,Muy Buena,Excelente,Muy Buena,Excelente
12/07/2025 19:11:11,50 a 64,Buena,Muy Buena,Excelente,Muy Buena,Muy Buena,Regular,Muy Buena
16/06/2025 12:36:51,18 a 29,Muy Buena,Muy Buena,Muy Buena,Muy Buena,Excelente,Muy Buena,Buena
23/08/2025 21:49:22,50 a 64,Excelente,Muy Buena,Buena,Muy Buena,Excelente,Buena,Muy Buena
06/09/2025 20:43:21,30 a 49,Excelente,Excelente,Muy Buena,Buena,Muy Buena,Excelente,Excelente
25/06/2025 11:19:27,65 o más,Muy Buena,Muy Buena,Excelente,Excelente,Muy Buena,Excelente,Muy Buena
08/06/2025 21:01:52,30 a 49,Buena,Excelente,Buena,Excelente,Excelente,Muy Buena,Muy Buena
08/09/2025 03:00:00,50 a 64,Excelente,Muy Buena,Excelente,Excelente,Muy Buena,Buena,Excelente
24/07/2025 01:27:05,50 a 64,Muy Buena,Muy Buena,Excelente,Muy Buena,Muy Buena,Muy Buena,Muy Buena
03/10/2025 20:36:06,30 a 49,Excelente,Muy Buena,Muy Buena,Excelente,Buena,Muy Buena,Buena
06/09/2025 13:20:46,18 a 29,Muy Buena,Buena,Excelente,Muy Buena,Malo,Buena,Muy Buena
26/10/2025 09:57:23,30 a 49,Excelente,Muy Buena,Muy Buena,Excelente,Malo,Muy Buena,Muy Buena
22/07/2025 23:36:34,50 a 64,Muy Buena,Muy Buena,Excelente,Excelente,Excelente,Muy Buena,Buena
12/08/2025 16:34:39,30 a 49,Regular,Muy Buena,Excelente,Excelente,Excelente,Excelente,Buena
30/05/2025 15:35:25,30 a 49,Muy Buena,Muy Buena,Muy Buena,Excelente,Buena,Buena,Excelente
05/11/2025 13:26:21,18 a 29,Buena,Muy Buena,Excelente,Buena,Excelente,Muy Buena,Muy Buena
08/09/2025 04:46:11,18 a 29,Buena,Excelente,Muy Buena,Excelente,Buena,Excelente,Muy Buena
06/10/2025 09:31:20,30 a 49,Muy Buena,Excelente,Excelente,Excelente,Buena,Muy Buena,Muy Buena
23/09/2025 21:31:21,30 a 49,Malo,Muy Buena,Muy Buena,Muy Buena,Excelente,Muy Buena,Muy Buena
27/07/2025 15:38:02,50 a 64,Excelente,Muy Buena,Buena,Muy Buena,Buena,Excelente,Excelente
27/07/2025 06:09:32,50 a 64,Muy Buena,Muy Buena,Muy Buena,Excelente,Muy Buena,Muy Buena,Excelente
17/09/2025 20:49:12,30 a 49,Buena,Muy Buena,Excelente,Excelente,Excelente,Buena,Excelente
18/07/2025 13:19:45,65 o más,Buena,Buena,Muy Buena,Muy Buena,Muy Buena,Regular,Excelente
24/08/2025 20:26:46,65 o más,Excelente,Buena,Buena,Muy Buena,Regular,Muy Buena,Muy Buena
08/08/2025 05:29:39,65 o más,Excelente,Muy Buena,Muy Buena,Buena,Muy Buena,Buena,Buena
13/09/2025 19:26:03,50 a 64,Muy Buena,Muy Buena,Excelente,Buena,Excelente,Muy Buena,Regular
21/09/2025 06:29:30,30 a 49,Muy Buena,Excelente,Muy Buena,Muy Buena,Buena,Muy Buena,Excelente
18/07/2025 08:27:57,30 a 49,Muy Buena,Muy Buena,Excelente,Muy Buena,Muy Buena,Muy Buena,Muy Buena
09/08/2025 14:47:45,50 a 64,Excelente,Muy Buena,Muy Buena,Excelente,Muy Buena,Regular,Excelente
30/08/2025 01:27:43,30 a 49,Muy Buena,Excelente,Muy Buena,Excelente,Muy Buena,Buena,Buena
31/05/2025 20:15:05,50 a 64,Buena,Muy Buena,Muy Buena,Muy Buena,Excelente,Muy Buena,Muy Buena
26/07/2025 01:44:43,18 a 29,Muy Buena,Excelente,Muy Buena,Muy Buena,Buena,Muy Buena,Muy Buena
05/09/2025 05:16:04,18 a 29,Buena,Buena,Excelente,Muy Buena,Buena,Excelente,Excelente
20/09/2025 02:33:17,50 a 64,Muy Buena,Muy Buena,Muy Buena,Muy Buena,Buena,Buena,Excelente
25/09/2025 14:33:48,50 a 64,Muy Buena,Excelente,Muy Buena,Muy Buena,Muy Buena,Excelente,Muy Buena
07/07/2025 20:03:16,30 a 49,Muy Buena,Muy Buena,Muy Buena,Excelente,Muy Buena,Muy Buena,Buena
13/06/2025 08:51:28,65 o más,Excelente,Muy Buena,Muy Buena,Excelente,Buena,Excelente,Excelente
23/07/2025 07:01:11,65 o más,Muy Buena,Excelente,Muy Buena,Excelente,Muy Buena,Excelente,Muy Buena
06/10/2025 14:00:24,50 a 64,Muy Buena,Muy Buena,Muy Buena,Excelente,Buena,Muy Buena,Regular
20/08/2025 14:01:00,18 a 29,Muy Buena,Excelente,Muy Buena,Muy Buena,Buena,Buena,Buena
15/09/2025 14:08:04,18 a 29,Muy Buena,Excelente,Muy Buena,Muy Buena,Regular,Excelente,Muy Buena
18/08/2025 07:54:19,50 a 64,Excelente,Muy Buena,Muy Buena,Excelente,Muy Buena,Muy Buena,Excelente
14/10/2025 11:25:24,50 a 64,Muy Buena,Excelente,Excelente,Excelente,Regular,Buena,Muy Buena
30/06/2025 21:48:35,65 o más,Muy Buena,Buena,Buena,Muy Buena,Excelente,Muy Buena,Muy Buena
03/06/2025 21:55:55,30 a 49,Buena,Muy Buena,Muy Buena,Muy Buena,Excelente,Muy Buena,Muy Buena
07/10/2025 18:10:06,30 a 49,Muy Buena,Muy Buena,Muy Buena,Muy Buena,Regular,Excelente,Muy Buena
08/07/2025 01:30:25,18 a 29,Muy Buena,Muy Buena,Excelente,Excelente,Muy Buena,Muy Buena,Excelente
11/06/2025 15:31:23,50 a 64,Buena,Buena,Excelente,Excelente,Muy Buena,Buena,Excelente
30/05/2025 13:10:15,18 a 29,Excelente,Muy Buena,Muy Buena,Muy Buena,Excelente,Regular,Excelente
04/10/2025 20:26:03,30 a 49,Muy Buena,Muy Buena,Muy Buena,Excelente,Muy Buena,Muy Buena,Muy Buena
26/07/2025 00:25:52,50 a 64,Muy Buena,Muy Buena,Muy Buena,Excelente,Excelente,Muy Buena,Excelente
31/10/2025 01:05:07,30 a 49,Buena,Excelente,Buena,Muy Buena,Muy Buena,Muy Buena,Muy Buena
13/10/2025 04:12:27,65 o más,Muy Buena,Muy Buena,Excelente,Muy Buena,Excelente,Muy Buena,Regular
08/08/2025 09:30:50,50 a 64,Excelente,Buena,Muy Buena,Excelente,Excelente,Excelente,Buena
25/10/2025 17:05:11,50 a 64,Malo,Muy Buena,Excelente,Muy Buena,Buena,Excelente,Muy Buena
12/07/2025 11:47:26,18 a 29,Muy Buena,Muy Buena,Buena,Excelente,Muy Buena,Muy Buena,Regular
30/06/2025 17:32:53,65 o más,Muy Buena,Excelente,Excelente,Excelente,Excelente,Buena,Muy Buena
30/10/2025 18:36:19,50 a 64,Buena,Muy Buena,Excelente,Excelente,Muy Buena,Excelente,Muy Buena
21/10/2025 06:44:33,50 a 64,Muy Buena,Muy Buena,Muy Buena,Muy Buena,Excelente,Muy Buena,Excelente
28/10/2025 00:52:52,50 a 64,Buena,Excelente,Buena,Excelente,Muy Buena,Excelente,Excelente
17/09/2025 19:42:15,50 a 64,Excelente,Muy Buena,Muy Buena,Muy Buena,Excelente,Muy Buena,Muy Buena
28/06/2025 00:56:21,65 o más,Muy Buena,Muy Buena,Excelente,Muy Buena,Excelente,Muy Buena,Muy Buena
21/09/2025 16:55:19,30 a 49,Buena,Excelente,Muy Buena,Buena,Excelente,Muy Buena,Regular
02/09/2025 02:46:48,65 o más,Muy Buena,Muy Buena,Buena,Muy Buena,Muy Buena,Excelente,Buena
10/10/2025 14:40:10,50 a 64,Muy Buena,Muy Buena,Buena,Muy Buena,Buena,Muy Buena,Muy Buena
10/10/2025 16:11:31,65 o más,Buena,Muy Buena,Muy Buena,Muy Buena,Muy Buena,Muy Buena,Regular
24/07/2025 18:29:44,30 a 49,Buena,Muy Buena,Excelente,Muy Buena,Muy Buena,Excelente,Excelente
07/10/2025 06:55:31,50 a 64,Excelente,Muy Buena,Muy Buena,Muy Buena,Muy Buena,Muy Buena,Regular
10/07/2025 19:00:09,50 a 64,Excelente,Muy Buena,Buena,Muy Buena,Excelente,Muy Buena,Excelente
12/08/2025 13:16:28,50 a 64,Muy Buena,Muy Buena,Excelente,Buena,Buena,Excelente,Muy Buena
13/10/2025 00:59:43,30 a 49,Muy Buena,Muy Buena,Excelente,Excelente,Malo,Muy Buena,Muy Buena
31/07/2025 06:23:16,50 a 64,Buena,Muy Buena,Muy Buena,Muy Buena,Excelente,Regular,Excelente
25/07/2025 16:10:19,30 a 49,Muy Buena,Muy Buena,Muy Buena,Excelente,Excelente,Malo,Regular
06/09/2025 06:42:28,50 a 64,Muy Buena,Muy Buena,Muy Buena,Muy Buena,Excelente,Muy Buena,Regular
28/10/2025 08:24:24,30 a 49,Muy Buena,Muy Buena,Muy Buena,Muy Buena,Muy Buena,Excelente,Excelente
25/06/2025 19:27:48,30 a 49,Muy Buena,Muy Buena,Buena,Excelente,Excelente,Muy Buena,Buena
16/07/2025 12:05:50,50 a 64,Excelente,Muy Buena,Muy Buena,Muy Buena,Muy Buena,Excelente,Excelente
28/09/2025 18:54:50,18 a 29,Excelente,Muy Buena,Muy Buena,Muy Buena,Excelente,Muy Buena,Excelente
16/10/2025 03:46:23,50 a 64,Excelente,Muy Buena,Excelente,Muy Buena,Malo,Muy Buena,Muy Buena
15/10/2025 02:37:33,30 a 49,Muy Buena,Muy Buena,Excelente,Muy Buena,Malo,Excelente,Muy Buena
15/10/2025 08:47:09,50 a 64,Excelente,Excelente,Muy Buena,Excelente,Buena,Muy Buena,Excelente
08/07/2025 02:20:36,30 a 49,Excelente,Muy Buena,Muy Buena,Muy Buena,Buena,Excelente,Muy Buena
12/07/2025 07:28:36,30 a 49,Excelente,Muy Buena,Muy Buena,Muy Buena,Buena,Buena,Buena
01/06/2025 04:52:56,50 a 64,Excelente,Excelente,Buena,Muy Buena,Excelente,Muy Buena,Buena
26/09/2025 21:41:23,50 a 64,Muy Buena,Excelente,Muy Buena,Muy Buena,Excelente,Excelente,Muy Buena
15/10/2025 23:42:05,30 a 49,Excelente,Excelente,Excelente,Excelente,Buena,Muy Buena,Excelente
13/08/2025 13:07:20,65 o más,Excelente,Muy Buena,Excelente,Muy Buena,Buena,Muy Buena,Regular
03/11/2025 12:50:31,30 a 49,Muy Buena,Buena,Muy Buena,Muy Buena,Excelente,Excelente,Excelente
14/08/2025 22:48:14,50 a 64,Buena,Buena,Buena,Muy Buena,Excelente,Excelente,Excelente
13/06/2025 15:47:27,50 a 64,Muy Buena,Muy Buena,Muy Buena,Muy Buena,Buena,Buena,Muy Buena
04/09/2025 11:14:48,30 a 49,Buena,Muy Buena,Excelente,Muy Buena,Excelente,Regular,Excelente
10/07/2025 17:56:56,30 a 49,Excelente,Muy Buena,Excelente,Excelente,Excelente,Malo,Muy Buena
24/08/2025 02:35:06,50 a 64,Malo,Excelente,Excelente,Muy Buena,Excelente,Regular,Muy Buena
29/08/2025 20:21:16,50 a 64,Muy Buena,Muy Buena,Muy Buena,Muy Buena,Muy Buena,Buena,Buena
28/08/2025 14:59:24,50 a 64,Muy Buena,Excelente,Muy Buena,Muy Buena,Muy Buena,Muy Buena,Muy Buena
10/07/2025 02:20:28,30 a 49,Buena,Muy Buena,Muy Buena,Excelente,Muy Buena,Regular,Muy Buena
28/09/2025 04:16:43,50 a 64,Excelente,Muy Buena,Muy Buena,Muy Buena,Buena,Muy Buena,Muy Buena
15/07/2025 12:23:14,50 a 64,Muy Buena,Excelente,Muy Buena,Excelente,Muy Buena,Muy Buena,Buena
04/11/2025 14:16:47,65 o más,Excelente,Excelente,Excelente,Muy Buena,Muy Buena,Muy Buena,Buena
30/06/2025 13:22:45,50 a 64,Malo,Excelente,Muy Buena,Excelente,Excelente,Muy Buena,Muy Buena
07/07/2025 15:15:01,18 a 29,Muy Buena,Muy Buena,Buena,Muy Buena,Muy Buena,Excelente,Buena
18/07/2025 09:11:00,30 a 49,Muy Buena,Muy Buena,Muy Buena,Excelente,Buena,Muy Buena,Excelente
06/08/2025 01:27:10,50 a 64,Buena,Excelente,Buena,Muy Buena,Excelente,Muy Buena,Muy Buena
25/07/2025 00:36:08,18 a 29,Buena,Excelente,Buena,Muy Buena,Muy Buena,Muy Buena,Excelente
22/08/2025 14:27:36,50 a 64,Excelente,Excelente,Excelente,Excelente,Muy Buena,Muy Buena,Buena
09/09/2025 17:01:50,30 a 49,Buena,Excelente,Muy Buena,Muy Buena,Muy Buena,Buena,Excelente
28/06/2025 11:52:33,50 a 64,Muy Buena,Buena,Muy Buena,Excelente,Buena,Excelente,Buena
10/08/2025 01:32:54,65 o más,Excelente,Muy Buena,Buena,Muy Buena,Excelente,Excelente,Buena
29/09/2025 17:04:55,50 a 64,Excelente,Excelente,Muy Buena,Muy Buena,Muy Buena,Buena,Muy Buena
28/10/2025 03:30:24,50 a 64,Muy Buena,Excelente,Muy Buena,Muy Buena,Excelente,Regular,Buena
02/09/2025 19:47:03,30 a 49,Muy Buena,Muy Buena,Muy Buena,Muy Buena,Excelente,Buena,Muy Buena
11/10/2025 13:18:35,50 a 64,Excelente,Excelente,Muy Buena,Muy Buena,Buena,Muy Buena,Excelente
01/08/2025 02:40:29,18 a 29,Muy Buena,Muy Buena,Muy Buena,Muy Buena,Muy Buena,Muy Buena,Buena
15/07/2025 07:00:30,30 a 49,Malo,Excelente,Muy Buena,Muy Buena,Muy Buena,Muy Buena,Excelente
10/08/2025 19:59:26,50 a 64,Buena,Excelente,Muy Buena,Buena,Excelente,Buena,Buena
14/07/2025 02:00:06,50 a 64,Excelente,Muy Buena,Muy Buena,Excelente,Muy Buena,Buena,Muy Buena
29/09/2025 18:44:49,65 o más,Buena,Muy Buena,Excelente,Buena,Muy Buena,Excelente,Regular
08/07/2025 10:04:18,65 o más,Excelente,Excelente,Muy Buena,Excelente,Excelente,Excelente,Muy Buena
27/10/2025 08:35:52,18 a 29,Excelente,Excelente,Muy Buena,Excelente,Buena,Regular,Muy Buena
26/07/2025 08:28:21,18 a 29,Excelente,Muy Buena,Muy Buena,Muy Buena,Regular,Muy Buena,Muy Buena
23/09/2025 18:32:04,18 a 29,Excelente,Muy Buena,Excelente,Muy Buena,Buena,Muy Buena,Buena
16/06/2025 04:21:18,30 a 49,Excelente,Muy Buena,Buena,Excelente,Buena,Malo,Buena
30/09/2025 00:09:12,50 a 64,Muy Buena,Muy Buena,Buena,Muy Buena,Muy Buena,Excelente,Muy Buena
30/07/2025 12:15:01,50 a 64,Excelente,Muy Buena,Muy Buena,Excelente,Regular,Regular,Muy Buena
09/06/2025 20:50:50,65 o más,Excelente,Buena,Buena,Muy Buena,Muy Buena,Excelente,Muy Buena
05/07/2025 02:18:14,18 a 29,Excelente,Muy Buena,Muy Buena,Muy Buena,Buena,Excelente,Buena
09/06/2025 01:54:02,30 a 49,Excelente,Excelente,Excelente,Muy Buena,Muy Buena,Muy Buena,Excelente
12/08/2025 12:58:39,30 a 49,Buena,Muy Buena,Excelente,Muy Buena,Excelente,Excelente,Muy Buena
21/09/2025 05:42:06,50 a 64,Excelente,Muy Buena,Muy Buena,Excelente,Excelente,Malo,Buena
17/06/2025 10:16:39,18 a 29,Muy Buena,Excelente,Excelente,Muy Buena,Muy Buena,Excelente,Muy Buena
09/09/2025 01:53:58,30 a 49,Excelente,Muy Buena,Excelente,Muy Buena,Excelente,Malo,Buena
25/08/2025 11:33:08,50 a 64,Muy Buena,Excelente,Muy Buena,Excelente,Excelente,Buena,Muy Buena
21/10/2025 09:23:26,30 a 49,Malo,Muy Buena,Muy Buena,Excelente,Muy Buena,Regular,Muy Buena
27/08/2025 18:15:02,18 a 29,Muy Buena,Excelente,Muy Buena,Muy Buena,Excelente,Malo,Buena
07/07/2025 05:33:41,30 a 49,Buena,Muy Buena,Muy Buena,Excelente,Buena,Muy Buena,Muy Buena
02/07/2025 01:58:58,30 a 49,Excelente,Muy Buena,Muy Buena,Buena,Excelente,Excelente,Buena
03/06/2025 18:44:03,50 a 64,Excelente,Buena,Muy Buena,Muy Buena,Muy Buena,Excelente,Muy Buena
04/07/2025 15:47:40,30 a 49,Excelente,Muy Buena,Muy Buena,Muy Buena,Buena,Buena,Muy Buena
11/07/2025 06:59:50,30 a 49,Excelente,Muy Buena,Muy Buena,Excelente,Excelente,Buena,Muy Buena
29/08/2025 16:38:23,50 a 64,Excelente,Muy Buena,Excelente,Muy Buena,Muy Buena,Muy Buena,Excelente
11/08/2025 00:53:23,50 a 64,Excelente,Excelente,Muy Buena,Muy Buena,Excelente,Buena,Excelente
22/07/2025 23:02:07,18 a 29,Buena,Excelente,Excelente,Muy Buena,Muy Buena,Excelente,Buena
21/06/2025 03:56:55,18 a 29,Excelente,Excelente,Buena,Muy Buena,Excelente,Muy Buena,Muy Buena
22/06/2025 02:15:29,18 a 29,Muy Buena,Buena,Buena,Muy Buena,Muy Buena,Excelente,Excelente
06/06/2025 20:22:35,50 a 64,Muy Buena,Excelente,Muy Buena,Muy Buena,Regular,Malo,Muy Buena
30/10/2025 23:10:11,50 a 64,Muy Buena,Muy Buena,Muy Buena,Muy Buena,Buena,Buena,Excelente
01/08/2025 14:58:07,65 o más,Muy Buena,Excelente,Muy Buena,Muy Buena,Muy Buena,Excelente,Muy Buena
05/08/2025 19:22:22,18 a 29,Malo,Muy Buena,Excelente,Excelente,Muy Buena,Buena,Excelente
02/08/2025 22:57:34,50 a 64,Excelente,Excelente,Muy Buena,Muy Buena,Muy Buena,Excelente,Muy Buena
30/05/2025 17:08:31,65 o más,Muy Buena,Excelente,Excelente,Muy Buena,Excelente,Buena,Regular
22/10/2025 01:54:03,30 a 49,Muy Buena,Muy Buena,Excelente,Excelente,Excelente,Regular,Muy Buena
02/08/2025 07:51:46,50 a 64,Muy Buena,Muy Buena,Muy Buena,Muy Buena,Muy Buena,Muy Buena,Muy Buena
21/10/2025 10:28:16,30 a 49,Buena,Muy Buena,Muy Buena,Muy Buena,Excelente,Excelente,Buena
28/08/2025 16:58:49,65 o más,Muy Buena,Excelente,Excelente,Muy Buena,Muy Buena,Buena,Excelente
21/09/2025 11:19:42,65 o más,Muy Buena,Muy Buena,Muy Buena,Muy Buena,Muy Buena,Excelente,Muy Buena
26/08/2025 18:50:03,30 a 49,Muy Buena,Muy Buena,Muy Buena,Muy Buena,Excelente,Muy Buena,Buena
22/10/2025 07:15:18,50 a 64,Buena,Muy Buena,Excelente,Excelente,Excelente,Muy Buena,Muy Buena
26/06/2025 06:22:51,65 o más,Muy Buena,Muy Buena,Muy Buena,Muy Buena,Excelente,Buena,Muy Buena
23/09/2025 09:27:50,30 a 49,Muy Buena,Muy Buena,Buena,Muy Buena,Muy Buena,Buena,Muy Buena
27/08/2025 23:08:58,30 a 49,Muy Buena,Buena,Muy Buena,Muy Buena,Muy Buena,Muy Buena,Regular
30/08/2025 01:10:52,30 a 49,Excelente,Muy Buena,Excelente,Excelente,Excelente,Malo,Muy Buena
19/08/2025 03:30:06,30 a 49,Muy Buena,Muy Buena,Excelente,Muy Buena,Excelente,Excelente,Muy Buena
14/06/2025 10:01:12,50 a 64,Muy Buena,Excelente,Muy Buena,Excelente,Excelente,Excelente,Buena
22/10/2025 13:08:21,50 a 64,Muy Buena,Excelente,Muy Buena,Muy Buena,Buena,Muy Buena,Muy Buena
28/06/2025 20:28:59,30 a 49,Muy Buena,Muy Buena,Excelente,Muy Buena,Buena,Buena,Muy Buena
03/08/2025 10:25:16,30 a 49,Muy Buena,Muy Buena,Muy Buena,Muy Buena,Buena,Excelente,Muy Buena
07/06/2025 13:02:41,50 a 64,Excelente,Muy Buena,Excelente,Excelente,Buena,Muy Buena,Excelente
22/09/2025 00:19:38,65 o más,Excelente,Excelente,Excelente,Muy Buena,Malo,Muy Buena,Buena
13/10/2025 16:35:16,65 o más,Excelente,Muy Buena,Muy Buena,Excelente,Muy Buena,Excelente,Muy Buena
17/06/2025 08:39:06,50 a 64,Excelente,Excelente,Buena,Excelente,Excelente,Malo,Excelente
26/09/2025 08:44:56,50 a 64,Buena,Muy Buena,Muy Buena,Muy Buena,Regular,Muy Buena,Regular
16/06/2025 03:49:50,50 a 64,Excelente,Excelente,Excelente,Muy Buena,Excelente,Muy Buena,Muy Buena
28/10/2025 05:11:08,18 a 29,Excelente,Muy Buena,Muy Buena,Muy Buena,Muy Buena,Excelente,Muy Buena
06/11/2025 14:49:46,18 a 29,Muy Buena,Muy Buena,Excelente,Muy Buena,Buena,Muy Buena,Muy Buena
01/07/2025 22:03:37,30 a 49,Muy Buena,Muy Buena,Muy Buena,Muy Buena,Excelente,Excelente,Excelente
09/07/2025 11:11:59,65 o más,Muy Buena,Muy Buena,Muy Buena,Excelente,Excelente,Excelente,Buena
27/09/2025 10:53:58,50 a 64,Excelente,Excelente,Muy Buena,Excelente,Muy Buena,Excelente,Muy Buena
17/09/2025 11:33:15,30 a 49,Muy Buena,Buena,Muy Buena,Excelente,Regular,Buena,Excelente
21/06/2025 15:54:46,50 a 64,Excelente,Muy Buena,Muy Buena,Muy Buena,Muy Buena,Muy Buena,Excelente
17/07/2025 09:58:14,65 o más,Excelente,Muy Buena,Muy Buena,Excelente,Malo,Muy Buena,Buena
24/09/2025 08:25:07,18 a 29,Excelente,Buena,Muy Buena,Muy Buena,Muy Buena,Muy Buena,Muy Buena
10/08/2025 23:25:09,50 a 64,Muy Buena,Excelente,Muy Buena,Muy Buena,Buena,Muy Buena,Muy Buena
30/07/2025 04:35:26,65 o más,Buena,Muy Buena,Muy Buena,Muy Buena,Regular,Buena,Excelente
06/10/2025 13:12:52,18 a 29,Malo,Muy Buena,Buena,Muy Buena,Excelente,Buena,Muy Buena
27/10/2025 19:59:46,30 a 49,Excelente,Muy Buena,Muy Buena,Muy Buena,Excelente,Muy Buena,Regular
12/06/2025 06:10:43,50 a 64,Excelente,Muy Buena,Muy Buena,Muy Buena,Excelente,Muy Buena,Excelente
25/09/2025 14:50:51,30 a 49,Excelente,Buena,Buena,Muy Buena,Muy Buena,Muy Buena,Buena
13/09/2025 09:43:00,30 a 49,Excelente,Muy Buena,Muy Buena,Excelente,Buena,Excelente,Muy Buena
12/10/2025 21:42:54,50 a 64,Excelente,Excelente,Muy Buena,Muy Buena,Excelente,Muy Buena,Muy Buena
20/07/2025 23:23:18,18 a 29,Regular,Muy Buena,Muy Buena,Muy Buena,Buena,Muy Buena,Buena
24/09/2025 02:28:57,65 o más,Muy Buena,Muy Buena,Muy Buena,Muy Buena,Regular,Muy Buena,Muy Buena
27/10/2025 03:08:59,50 a 64,Muy Buena,Excelente,Muy Buena,Muy Buena,Muy Buena,Buena,Buena
11/10/2025 22:38:06,30 a 49,Buena,Muy Buena,Muy Buena,Muy Buena,Excelente,Muy Buena,Buena
19/10/2025 21:17:40,30 a 49,Excelente,Muy Buena,Excelente,Muy Buena,Excelente,Excelente,Muy Buena
25/08/2025 22:00:52,30 a 49,Muy Buena,Muy Buena,Muy Buena,Muy Buena,Excelente,Muy Buena,Muy Buena
25/06/2025 19:57:23,50 a 64,Muy Buena,Muy Buena,Buena,Muy Buena,Excelente,Excelente,Buena
23/08/2025 02:18:58,65 o más,Muy Buena,Muy Buena,Buena,Muy Buena,Buena,Regular,Muy Buena
27/09/2025 00:05:25,30 a 49,Excelente,Muy Buena,Buena,Muy Buena,Malo,Muy Buena,Excelente
13/07/2025 12:45:03,50 a 64,Muy Buena,Buena,Muy Buena,Excelente,Buena,Muy Buena,Muy Buena
01/09/2025 04:43:04,18 a 29,Excelente,Excelente,Excelente,Excelente,Excelente,Muy Buena,Buena
23/09/2025 20:42:30,65 o más,Muy Buena,Muy Buena,Muy Buena,Excelente,Malo,Buena,Muy Buena
14/06/2025 09:15:52,30 a 49,Excelente,Muy Buena,Muy Buena,Muy Buena,Muy Buena,Regular,Muy Buena
22/10/2025 03:17:03,30 a 49,Excelente,Excelente,Muy Buena,Muy Buena,Buena,Muy Buena,Buena
05/06/2025 07:37:22,65 o más,Muy Buena,Muy Buena,Excelente,Muy Buena,Excelente,Muy Buena,Regular
12/08/2025 01:02:34,30 a 49,Muy Buena,Muy Buena,Buena,Muy Buena,Muy Buena,Excelente,Excelente
20/09/2025 20:10:24,65 o más,Buena,Muy Buena,Excelente,Excelente,Excelente,Excelente,Muy Buena
14/08/2025 16:21:08,65 o más,Excelente,Excelente,Muy Buena,Muy Buena,Muy Buena,Muy Buena,Muy Buena
31/10/2025 06:05:37,30 a 49,Excelente,Buena,Muy Buena,Muy Buena,Excelente,Muy Buena,Muy Buena
19/07/2025 09:37:49,50 a 64,Malo,Muy Buena,Excelente,Muy Buena,Muy Buena,Muy Buena,Muy Buena
19/06/2025 02:00:51,30 a 49,Muy Buena,Muy Buena,Muy Buena,Muy Buena,Buena,Muy Buena,Buena
21/10/2025 04:35:52,65 o más,Muy Buena,Muy Buena,Excelente,Muy Buena,Regular,Regular,Muy Buena
13/06/2025 11:52:55,30 a 49,Excelente,Muy Buena,Muy Buena,Excelente,Excelente,Buena,Muy Buena
19/07/2025 08:31:05,50 a 64,Muy Buena,Muy Buena,Muy Buena,Excelente,Muy Buena,Muy Buena,Muy Buena
23/06/2025 03:52:08,30 a 49,Buena,Muy Buena,Muy Buena,Muy Buena,Excelente,Buena,Muy Buena
29/08/2025 07:25:53,65 o más,Regular,Buena,Buena,Buena,Excelente,Muy Buena,Excelente
18/09/2025 00:01:00,30 a 49,Excelente,Muy Buena,Muy Buena,Excelente,Excelente,Buena,Muy Buena
05/06/2025 05:38:44,50 a 64,Muy Buena,Excelente,Muy Buena,Muy Buena,Excelente,Regular,Buena
29/07/2025 18:12:16,50 a 64,Muy Buena,Muy Buena,Muy Buena,Excelente,Excelente,Buena,Muy Buena
29/08/2025 19:09:22,50 a 64,Muy Buena,Muy Buena,Excelente,Muy Buena,Muy Buena,Buena,Buena
04/10/2025 16:36:52,65 o más,Regular,Muy Buena,Excelente,Muy Buena,Buena,Excelente,Excelente
30/10/2025 14:35:51,18 a 29,Excelente,Excelente,Muy Buena,Muy Buena,Muy Buena,Muy Buena,Excelente
25/10/2025 16:34:02,30 a 49,Muy Buena,Muy Buena,Muy Buena,Excelente,Excelente,Muy Buena,Muy Buena
02/11/2025 04:03:09,50 a 64,Muy Buena,Muy Buena,Buena,Muy Buena,Muy Buena,Buena,Buena
12/10/2025 20:35:19,30 a 49,Muy Buena,Muy Buena,Muy Buena,Muy Buena,Muy Buena,Excelente,Excelente
20/09/2025 11:43:55,50 a 64,Buena,Buena,Excelente,Muy Buena,Excelente,Muy Buena,Regular
26/09/2025 00:15:03,65 o más,Excelente,Excelente,Buena,Muy Buena,Muy Buena,Buena,Muy Buena
17/10/2025 21:54:57,50 a 64,Buena,Excelente,Excelente,Muy Buena,Muy Buena,Muy Buena,Muy Buena
